subject,night,usable,reject,best_off_s,best_sep,sep_0,plateau_span_s,inwin_rate,inwin_gap_s,cov_frac,cov_contig,n_ep,span_lab_min,n_onsets_all,n_onsets_cov,first_onset_ep
Bidslab00,1,True,,17970.0,4.3086926110508355,nan,0.0,10.23406000203143,5.0,1.0,1.0,935,467.5,4,4,47
Bidslab00,2,True,,16410.0,2.9358437204641286,nan,0.0,10.372512675585172,5.0,0.9480381760339343,1.0,943,471.5,6,5,42
Bidslab00,3,True,,14430.0,3.176744571074474,nan,0.0,10.641761855988834,5.0,0.8841893252769386,1.0,993,496.5,4,3,57
Bidslab00,4,False,plateau 990s>60s,4650.0,3.5487685236936146,nan,990.0,11.064254731098655,5.0,0.5045045045045045,1.0,888,444.0,7,3,42
Bidslab00,5,True,,14550.0,3.214795543212189,nan,0.0,10.77400371985485,5.0,0.882830626450116,1.0,862,431.0,7,6,57
Bidslab00,6,True,,12750.0,3.7865894823848594,nan,0.0,10.801382183750176,5.0,0.8081264108352144,1.0,886,443.0,5,2,54
Bidslab00,7,False,plateau 240s>60s,17820.0,2.710481433290248,nan,240.0,10.321049295605622,5.0,1.0,1.0,665,332.5,4,4,79
Bidslab01,1,True,,17970.0,3.3521291886265994,nan,0.0,11.987236460594758,5.0,0.9976744186046511,1.0,860,430.0,3,3,38
Bidslab01,2,True,,17970.0,2.036688173577702,nan,0.0,12.016908384343516,5.0,0.9988636363636364,1.0,880,440.0,4,4,23
Bidslab01,3,False,plateau 7440s>60s,17490.0,2.981056459775708,nan,7440.0,12.012173388533984,5.0,0.6648471615720524,1.0,916,458.0,5,5,24
Bidslab01,4,True,,17970.0,2.116602042294743,nan,30.0,12.009811087704698,5.0,0.9987029831387808,1.0,771,385.5,5,5,92
Bidslab01,5,True,,11880.0,2.8551192404865917,nan,0.0,11.996172339109,5.0,0.7749725576289791,1.0,911,455.5,4,2,82
Bidslab02,1,False,sep 1.20<1.5; plateau 10440s>60s,1920.0,1.1980786377574897,0.17835292630116684,10440.0,12.030491072001915,5.0,0.47445972495088407,1.0,1018,509.0,6,2,203
Bidslab02,2,True,,3900.0,3.165430848709766,nan,0.0,12.014089297807434,5.0,0.4264870931537598,1.0,891,445.5,5,1,229
Bidslab02,3,True,,-2220.0,2.8250183344029782,0.3396548522482603,30.0,12.016220600162207,5.0,0.18697225572979492,1.0,829,414.5,7,1,222
Bidslab02,4,False,plateau 10800s>60s,3870.0,2.413667866202628,nan,10800.0,12.01592907055376,5.0,0.3704115684093437,1.0,899,449.5,4,2,230
Bidslab02,5,False,sep 1.16<1.5; plateau 120s>60s,9990.0,1.1625379449013544,-0.22071326439946248,120.0,12.021852154865272,5.0,0.6379542395693136,1.0,743,371.5,6,4,180
Bidslab02,6,False,sep 1.21<1.5,15030.0,1.2148339731265443,nan,0.0,12.019457356085425,5.0,0.8577777777777778,1.0,900,450.0,6,6,187
Bidslab06,1,True,,11880.0,2.3248940834779668,nan,0.0,12.019916814896614,5.0,0.7575030012004802,1.0,833,416.5,2,1,57
Bidslab06,2,True,,8220.0,4.934756714627572,nan,60.0,23.983281616110443,2.0121078491210938,0.6185446009389671,1.0,852,426.0,4,0,91
Bidslab06,3,True,,17910.0,3.266217887264927,nan,30.0,12.026947827752085,5.0,0.9986111111111111,1.0,720,360.0,4,4,62
Bidslab06,4,True,,17940.0,3.047581500419042,nan,30.0,12.020179864005264,5.0,1.0,1.0,912,456.0,4,4,50
Bidslab07,1,False,plateau 270s>60s,17940.0,3.1269884538269372,nan,270.0,12.001877052937228,5.0,1.0,1.0,1066,533.0,6,6,106
Bidslab07,2,False,plateau 120s>60s,17910.0,3.1746811445572707,-2.343187119280781,120.0,11.998986381745084,5.0,0.9966329966329966,1.0,891,445.5,11,11,67
Bidslab07,3,False,plateau 9570s>60s,13770.0,2.876174111302061,nan,9570.0,11.976513914595671,5.0,0.8362369337979094,1.0,861,430.5,9,6,54
Bidslab07,4,True,,17910.0,3.9325157630971432,nan,30.0,12.000563262484585,5.0,0.996938775510204,1.0,980,490.0,8,8,52
Bidslab07,5,True,,13590.0,4.489149401706011,nan,0.0,11.931066604564508,5.0,0.9675870348139256,1.0,833,416.5,3,3,34
Bidslab07,6,True,,-30.0,3.1711778627989844,2.197171071539631,0.0,11.943256839847113,5.0,0.3641160949868074,1.0,758,379.0,4,1,107
Bidslab07,7,False,plateau 120s>60s,10530.0,2.42672132480684,nan,120.0,11.783557885974819,5.0,0.8433420365535248,0.9923195084485407,766,383.0,7,6,38
Bidslab08,1,True,,4890.0,4.828065279331181,0.6259570959128111,0.0,12.019619218395654,5.0,0.47653429602888087,1.0,831,415.5,5,1,38
Bidslab08,2,True,,7050.0,4.085159609293525,-1.4351517712894728,0.0,12.010499872985408,5.0,0.6194968553459119,1.0,954,477.0,4,3,82
Bidslab08,3,True,,13530.0,4.89970814916576,nan,0.0,12.011936719037433,5.0,0.8052631578947368,1.0,760,380.0,2,1,58
Bidslab08,4,True,,14970.0,5.1837403044879675,nan,0.0,12.019310631229237,5.0,0.866576819407008,1.0,742,371.0,1,1,109
Bidslab08,5,True,,13080.0,4.217553111936291,nan,0.0,12.014275697256611,5.0,0.7655571635311144,1.0,691,345.5,8,7,129
Bidslab08,6,True,,17940.0,2.9452759354902964,nan,0.0,12.022742556563358,5.0,1.0,1.0,682,341.0,3,3,33
Bidslab08,7,True,,17940.0,2.166270165836718,nan,30.0,11.699863950561163,5.0,0.993801652892562,0.993801652892562,968,484.0,4,4,36
Bidslab09,1,True,,11340.0,3.754834842672642,nan,0.0,11.86004620098571,5.0,0.7567264573991032,0.9985207100591716,892,446.0,4,2,85
Bidslab09,2,True,,11610.0,6.842996444617057,nan,0.0,12.005351547319348,5.0,0.7393939393939394,1.0,825,412.5,2,1,37
Bidslab09,3,True,,-4530.0,4.645395540315667,0.4034929693231153,60.0,11.700294468064508,5.0,0.10921985815602837,1.0,705,352.5,8,1,57
Bidslab09,4,False,plateau 150s>60s,14370.0,1.887900547397495,nan,150.0,11.625411697433252,5.0,0.9985119047619048,0.9985119047619048,672,336.0,2,2,224
Bidslab09,5,False,plateau 18870s>60s,14370.0,2.3192658838343547,0.6346631104371472,18870.0,11.80230692123071,5.0,0.9644444444444444,0.9938931297709923,675,337.5,8,7,70
Bidslab10,1,True,,9690.0,2.537648375510141,nan,0.0,10.71865796319243,5.0,0.7299412915851272,0.998661311914324,1022,511.0,3,1,65
Bidslab10,2,True,,2820.0,2.6319316625544023,-1.0338961833152063,0.0,10.970723659228936,5.0,0.43827859569648925,1.0,883,441.5,9,6,77
Bidslab10,3,False,plateau 90s>60s,17940.0,2.2031812042470755,nan,90.0,11.77774580813545,5.0,1.0,1.0,977,488.5,4,4,55
Bidslab10,4,True,,17940.0,1.8228791014591537,nan,0.0,11.401574645617378,5.0,0.9989473684210526,1.0,950,475.0,3,3,68
Bidslab10,5,False,plateau 630s>60s,17940.0,1.6170843473097123,nan,630.0,10.8998630469529,5.0,1.0,1.0,962,481.0,3,3,53
Bidslab10,6,False,plateau 240s>60s,17970.0,2.0002132363351217,nan,240.0,11.52338637652993,5.0,0.9865951742627346,0.9919137466307277,746,373.0,2,2,122
Bidslab11,1,True,,5940.0,3.187429671551345,nan,30.0,11.94852045044606,5.0,0.631578947368421,1.0,1083,541.5,4,1,62
Bidslab11,2,True,,17940.0,3.7647270779876703,nan,0.0,11.997485762175959,5.0,0.9988597491448119,1.0,877,438.5,2,2,46
Bidslab11,3,True,,14370.0,3.285335519058573,nan,0.0,12.002375285164039,5.0,1.0,1.0,927,463.5,3,3,66
Bidslab11,4,False,plateau 6270s>60s,4260.0,2.9798224187279794,-0.05644943776335465,6270.0,11.989158705705199,5.0,0.6208053691275168,1.0,894,447.0,8,4,93
Bidslab11,5,False,plateau 150s>60s,14250.0,3.0753863085171713,nan,150.0,11.982313145995395,5.0,0.9956331877729258,1.0,1145,572.5,3,3,57
Bidslab13,1,True,,360.0,4.801972177203501,0.5627484423089938,30.0,11.990274282301753,5.0,0.4553072625698324,1.0,1074,537.0,3,1,42
Bidslab13,2,True,,5160.0,6.037907341852501,nan,0.0,11.98407683558701,5.0,0.5534591194968553,1.0,954,477.0,4,2,57
Bidslab13,3,True,,17970.0,3.8932924872122046,nan,30.0,12.004148899499135,5.0,1.0,1.0,868,434.0,4,4,41
Bidslab13,4,True,,17940.0,2.9013054096969313,nan,30.0,11.999114783121865,5.0,1.0,1.0,904,452.0,5,5,51
Bidslab13,5,True,,17760.0,5.742384813578681,nan,0.0,12.003153537875304,5.0,0.9950980392156863,1.0,1020,510.0,5,5,31
Bidslab13,6,False,plateau 180s>60s,2340.0,4.632540998471217,-0.07096122653476011,180.0,12.010524007893006,5.0,0.37014563106796117,1.0,824,412.0,5,2,44
Bidslab13,7,False,plateau 180s>60s,17820.0,2.380599610372813,nan,180.0,12.0,5.0,0.9959893048128342,1.0,748,374.0,5,5,67
Bidslab14,1,True,,-3330.0,3.5771838318662894,-0.3570581925157461,30.0,11.99553694725985,5.0,0.3389355742296919,1.0,1071,535.5,5,2,41
Bidslab14,2,True,,9180.0,3.1822326012868265,nan,60.0,10.54715150184958,5.0,0.6955602536997886,1.0,946,473.0,6,4,36
Bidslab14,3,True,,17910.0,3.9398849102712155,nan,30.0,11.697394573759757,5.0,1.0,1.0,931,465.5,4,4,31
Bidslab14,4,True,,3360.0,4.854068589596473,nan,60.0,10.95029505527365,5.0,0.1964873765093304,1.0,911,455.5,6,1,43
Bidslab14,5,False,plateau 150s>60s,17820.0,2.2168522198525915,nan,150.0,11.358356274829479,5.0,0.9949302915082383,0.9987277353689568,789,394.5,7,7,82
Bidslab14,6,True,,17970.0,4.465480320242328,0.3250896190183834,30.0,11.626855450026591,5.0,1.0,1.0,872,436.0,6,6,33
Bidslab14,7,True,,9960.0,2.9497172407360566,nan,0.0,11.804741980474198,5.0,0.7839416058394161,0.9981412639405205,685,342.5,6,4,83
Bidslab15,1,False,no_probe(insufficient N3/Wake coverage at any offset),nan,nan,nan,nan,0.0,inf,0.0,0.0,788,394.0,0,0,-1
Bidslab15,2,False,plateau 180s>60s,17850.0,2.652754977802227,nan,180.0,12.016623314497563,5.0,0.9976162097735399,1.0,839,419.5,1,1,40
Bidslab15,3,False,no_probe(insufficient N3/Wake coverage at any offset),nan,nan,nan,nan,0.0,inf,0.0,0.0,800,400.0,0,0,-1
Bidslab16,1,False,plateau 150s>60s,12510.0,2.0814217219897513,nan,150.0,11.272846919017994,5.0,0.7898465171192444,1.0,847,423.5,2,2,212
Bidslab16,2,True,,4410.0,3.1700715827662527,nan,30.0,11.529119385394724,5.0,0.43147208121827413,0.9970674486803519,788,394.0,3,1,102
Bidslab16,3,True,,7170.0,3.8064374396424627,nan,0.0,11.032666872040442,5.0,0.6461232604373758,1.0,1006,503.0,3,1,154
Bidslab16,4,False,sep 1.48<1.5,11580.0,1.4819353723187243,nan,0.0,11.636608742703782,5.0,0.7396226415094339,1.0,795,397.5,5,5,255
Bidslab16,5,True,,17880.0,1.9475825073336182,nan,30.0,11.441767744986281,5.0,0.9969574036511156,1.0,986,493.0,4,4,84
Bidslab16,6,True,,-840.0,4.624212053625287,2.765506786991491,0.0,11.80038711587236,5.0,0.22693266832917705,1.0,802,401.0,3,2,188
Bidslab16,7,True,,5010.0,4.3295779727755965,nan,0.0,11.778921411285301,5.0,0.5871647509578544,1.0,1044,522.0,6,4,342
Bidslab17,1,True,,4590.0,4.056210493389636,nan,0.0,11.984871555577385,5.0,0.5334728033472803,1.0,956,478.0,7,3,29
Bidslab17,2,True,,5070.0,3.8432920068704375,nan,60.0,12.007982514492065,5.0,0.44884910485933505,1.0,782,391.0,5,2,40
Bidslab17,3,True,,6870.0,2.1233195169424555,nan,30.0,11.812800591934886,5.0,0.6792929292929293,0.9944547134935305,792,396.0,8,5,90
Bidslab17,4,True,,10710.0,2.909173977916377,nan,30.0,11.652167994278225,5.0,0.8339973439575034,0.9921011058451816,753,376.5,3,1,73
Bidslab17,5,True,,14310.0,2.488086774632139,nan,60.0,11.694574900548005,5.0,0.9947780678851175,0.9947780678851175,766,383.0,2,2,50
Bidslab17,6,True,,14370.0,2.897493937442004,nan,0.0,11.784890798424634,5.0,0.9830124575311439,0.9942726231386025,883,441.5,3,3,43
Bidslab18,1,False,sep 1.49<1.5; plateau 240s>60s,17820.0,1.4913498836944226,nan,240.0,11.884472612041648,5.0,0.9300134589502019,1.0,743,371.5,4,4,126
Bidslab18,2,False,plateau 390s>60s,17820.0,1.9494651646425682,nan,390.0,11.79625375675578,5.0,0.8451053283767038,0.9970760233918129,807,403.5,2,2,182
Bidslab18,3,False,plateau 120s>60s,10500.0,2.4782933642888296,nan,120.0,11.922507155451253,5.0,0.7013301088270859,1.0,827,413.5,4,3,136
Bidslab18,4,True,,9090.0,4.193090078605925,nan,30.0,11.801181003349864,5.0,0.5812324929971989,1.0,714,357.0,5,2,51
Bidslab18,5,True,,13980.0,2.8071111030697247,nan,0.0,11.856949138820863,5.0,0.9821002386634845,0.9987864077669902,838,419.0,5,5,35
Bidslab18,6,True,,3000.0,4.76731538968857,nan,60.0,11.910896217877426,5.0,0.5590277777777778,1.0,864,432.0,5,2,87
Bidslab19,1,True,,13080.0,2.572632372301,nan,0.0,11.77160837049672,5.0,0.8052256532066508,0.9955947136563876,842,421.0,4,3,46
Bidslab19,2,True,,17940.0,1.725977484421659,nan,0.0,11.58168723951264,5.0,0.9910600255427842,0.9910600255427842,783,391.5,5,5,81
Bidslab19,3,True,,17970.0,1.8628593513483855,nan,30.0,11.644215802087722,5.0,0.9903147699757869,0.9903147699757869,826,413.0,5,5,155
Bidslab19,4,True,,13380.0,2.64927333981374,nan,30.0,11.708379537337972,5.0,0.7880055788005579,0.9947183098591549,717,358.5,4,3,61
Bidslab19,5,False,plateau 90s>60s,14280.0,2.428010199032859,nan,90.0,11.785756143298043,5.0,0.9906759906759907,0.9953161592505855,858,429.0,3,3,72
Bidslab19,6,True,,14370.0,3.1856587127740523,nan,0.0,11.975698287570264,5.0,1.0,1.0,863,431.5,6,6,63
Bidslab20,1,True,,17940.0,3.430124193304276,nan,30.0,10.891521258700976,5.0,0.9196567862714509,0.9203747072599532,1282,641.0,4,4,79
Bidslab20,2,False,plateau 180s>60s,17940.0,2.2371220917277914,0.35489834806806964,180.0,11.793852534671665,5.0,0.9952324195470799,0.9964200477326969,839,419.5,3,3,91
Bidslab20,3,True,,17940.0,2.1523131065967873,nan,30.0,11.957892232663257,5.0,1.0,1.0,1121,560.5,3,3,96
Bidslab20,4,True,,14040.0,3.3836402540116426,nan,30.0,11.999337346071014,5.0,0.8531073446327684,1.0,885,442.5,4,2,60
Bidslab20,5,True,,17940.0,2.1193257883860817,nan,60.0,11.861159657544853,5.0,0.9973509933774835,0.9986737400530504,755,377.5,2,2,39
Bidslab22,1,False,sep 1.08<1.5,14190.0,1.0754445301282036,nan,30.0,11.338585388704841,5.0,0.9819967266775778,1.0,611,305.5,6,6,95
Bidslab22,2,False,plateau 210s>60s,4710.0,1.903282196100081,0.717938413578402,210.0,11.939945410762942,5.0,0.5415472779369628,1.0,698,349.0,4,3,183
Bidslab22,3,False,plateau 210s>60s,14100.0,1.7378481846843594,nan,210.0,11.144296109802763,5.0,0.956390977443609,0.9984301412872841,665,332.5,2,2,45
Bidslab22,4,False,plateau 3540s>60s,8790.0,1.8322289632807307,nan,3540.0,11.901910708337248,5.0,0.6177215189873417,1.0,790,395.0,11,7,73
Bidslab22,5,False,plateau 2250s>60s,15300.0,2.357329235621115,nan,2250.0,11.879035192226748,5.0,0.8690476190476191,0.9982905982905983,672,336.0,5,4,65
Bidslab22,6,False,sep 1.38<1.5,17820.0,1.3811997154338695,nan,60.0,11.751165141604483,5.0,0.986764705882353,0.9911373707533235,680,340.0,5,5,47
Bidslab30,1,True,,14310.0,4.115027333722268,nan,30.0,11.643784768023577,5.0,0.9921700223713646,1.0,894,447.0,2,2,36
Bidslab30,2,False,plateau 90s>60s,14130.0,2.622119113132344,-1.2166144263401502,90.0,11.922140519491414,5.0,0.9884659746251442,1.0,867,433.5,3,3,149
Bidslab30,3,True,,12120.0,2.3333614872099453,nan,30.0,11.830930084250229,5.0,0.9138702460850112,1.0,894,447.0,4,4,81
Bidslab30,4,False,plateau 180s>60s,9540.0,2.8295849864773213,-0.2609661391996778,180.0,11.983202513012445,5.0,0.8243688254665203,1.0,911,455.5,6,5,66
Bidslab30,5,True,,14280.0,2.722937126620132,0.04405280853792348,30.0,12.016967121262596,5.0,0.9895561357702349,1.0,766,383.0,4,4,63
Bidslab30,6,True,,9360.0,1.792477924267709,nan,0.0,11.687879192456323,5.0,0.8049353701527615,1.0,851,425.5,2,1,43
Bidslab30,7,False,plateau 4140s>60s,18390.0,1.7563261865810706,nan,4140.0,11.8868372035667,5.0,0.8460661345496009,1.0,877,438.5,2,2,51
Bidslab31,1,False,plateau 90s>60s,14310.0,3.172315679604093,nan,90.0,12.000633727075488,5.0,0.9923857868020305,0.9987228607918263,788,394.0,6,6,54
Bidslab31,2,True,,1290.0,5.340169108629077,-0.1586913274592867,0.0,12.031021415977595,5.0,0.334855403348554,1.0,657,328.5,5,2,51
Bidslab31,3,True,,8970.0,3.8520372180880997,nan,0.0,12.02204423544712,5.0,0.7678571428571429,1.0,784,392.0,5,3,78
Bidslab31,4,True,,14220.0,3.820232649158819,-1.778672396942697,60.0,12.019399240048374,5.0,0.9925053533190579,1.0,934,467.0,4,4,38
Bidslab31,5,True,,4020.0,3.8056141761521944,nan,0.0,12.020016263382457,5.0,0.6106094808126411,1.0,886,443.0,4,1,58
Bidslab31,6,False,plateau 21480s>60s,-7170.0,4.608029701848698,-0.8179159263826572,21480.0,12.034243783122706,5.0,0.10224438902743142,1.0,802,401.0,8,2,56
Bidslab32,1,True,,2850.0,4.3470138838310115,0.20054423167658775,0.0,12.033062086155255,5.0,0.6102719033232629,1.0,993,496.5,6,3,59
Bidslab32,2,True,,14310.0,1.8774392246637914,nan,0.0,12.016244981138875,5.0,0.9963403476669717,1.0,1093,546.5,4,4,49
Bidslab32,3,False,plateau 10950s>60s,-7620.0,4.124258941970379,3.079715733773635,10950.0,12.035220816769064,5.0,0.279296875,1.0,1024,512.0,9,3,72
Bidslab32,4,True,,12450.0,1.9196882507547353,nan,0.0,12.01784581437772,5.0,0.9368635437881874,1.0,982,491.0,3,3,92
Bidslab32,5,False,plateau 120s>60s,750.0,3.95624535917929,-0.4289069156156291,120.0,12.012722271101868,5.0,0.5765595463137996,1.0,1058,529.0,4,1,89
Bidslab32,6,False,plateau 3000s>60s,-1170.0,1.5178989596764332,0.09117195513766463,3000.0,10.026025153459225,5.0,0.5076628352490421,1.0,1044,522.0,3,1,234
Bidslab32,7,True,,7410.0,3.1993812939095507,nan,0.0,10.009003681883476,5.0,0.6443514644351465,1.0,956,478.0,4,2,150
Bidslab34,1,False,no_probe(insufficient N3/Wake coverage at any offset),nan,nan,nan,nan,0.0,inf,0.0,0.0,1340,670.0,0,0,-1
Bidslab34,2,False,no_probe(insufficient N3/Wake coverage at any offset),nan,nan,nan,nan,0.0,inf,0.0,0.0,1253,626.5,0,0,-1
Bidslab34,3,False,plateau 90s>60s,14370.0,4.35233674102092,nan,90.0,11.626174414311796,5.0,0.901294498381877,0.9991031390134529,1236,618.0,1,1,218
Bidslab34,4,True,,4890.0,2.113588654851529,nan,0.0,11.868580078811519,5.0,0.6402714932126696,0.9982363315696648,884,442.0,9,6,90
Bidslab34,5,False,plateau 14400s>60s,-60.0,1.5954861019807913,1.4306089793886374,14400.0,11.387777784749389,5.0,0.4299175500588928,1.0,849,424.5,8,2,46
Bidslab35,1,True,,14340.0,4.220778036225168,0.8933887199535486,0.0,11.89456235520527,5.0,0.9905660377358491,0.995260663507109,848,424.0,4,4,55
Bidslab35,2,True,,14280.0,3.0444788975267754,nan,60.0,11.95323783871765,5.0,0.9934959349593496,1.0,615,307.5,3,3,32
Bidslab35,3,True,,11940.0,5.446805972597016,nan,0.0,11.91338489372982,5.0,0.8646003262642741,1.0,613,306.5,3,2,36
Bidslab35,4,True,,17940.0,2.211468663888466,nan,30.0,11.899620002120162,5.0,0.9975460122699387,1.0,815,407.5,3,3,110
Bidslab35,5,False,no_probe(insufficient N3/Wake coverage at any offset),nan,nan,nan,nan,0.0,inf,0.0,0.0,630,315.0,0,0,-1
Bidslab35,6,True,,16830.0,2.3004431986406346,nan,30.0,11.957124673918651,5.0,0.9404580152671755,1.0,655,327.5,3,3,63
Bidslab36,1,True,,17940.0,4.478199579766761,nan,30.0,10.936884994238762,5.0,1.0,1.0,773,386.5,3,3,33
Bidslab36,2,True,,8100.0,3.1036328945662475,nan,30.0,10.70751750304015,5.0,0.6720484359233098,1.0,991,495.5,11,6,40
Bidslab36,3,True,,17940.0,3.1830664405594824,nan,30.0,11.555398688940906,5.0,1.0,1.0,1203,601.5,5,5,89
Bidslab36,4,False,plateau 5760s>60s,12480.0,2.4224584881438744,nan,5760.0,10.73994462310577,5.0,0.7961053837342497,1.0,873,436.5,3,2,47
Bidslab36,5,False,plateau 8190s>60s,9720.0,3.3156118994326516,nan,8190.0,11.128813112901648,5.0,0.6666666666666666,1.0,810,405.0,4,1,51
Bidslab36,6,False,plateau 90s>60s,17790.0,3.510632515627993,nan,90.0,11.822067479966675,5.0,0.9715189873417721,0.9967532467532467,632,316.0,2,2,39
Bidslab38,1,True,,11760.0,5.786822696818785,nan,30.0,11.963601012783416,5.0,0.7035971223021583,1.0,695,347.5,2,1,56
Bidslab38,2,True,,11550.0,6.063208475672956,nan,0.0,11.949114730628862,5.0,0.6917293233082706,1.0,665,332.5,4,2,35
Bidslab38,3,False,plateau 8730s>60s,17850.0,7.789284438510442,-0.23007362536360965,8730.0,11.421273939497457,5.0,0.995253164556962,1.0,632,316.0,3,3,24
Bidslab39,1,True,,16230.0,2.625186602626806,2.1193431089776604,60.0,11.361230885040536,5.0,0.9310344827586207,1.0,812,406.0,3,3,77
Bidslab39,2,True,,12810.0,1.6593128985082144,nan,30.0,11.226849169378028,5.0,0.8453139217470428,1.0,1099,549.5,4,2,81
Bidslab39,3,True,,5220.0,3.392191202765454,nan,0.0,11.588006530106888,5.0,0.5131729667812142,0.9977728285077951,873,436.5,9,6,107
Bidslab39,4,True,,4800.0,2.560387440341531,nan,30.0,11.472293890303769,5.0,0.3338368580060423,0.9866071428571429,662,331.0,5,1,126
Bidslab40,1,True,,-180.0,2.43119215952815,1.0625985137164529,60.0,11.989874882692426,5.0,0.5613718411552346,1.0,1108,554.0,4,0,130
Bidslab40,2,True,,-5940.0,6.434208278477648,-0.9204841888366242,30.0,12.050989593444163,5.0,0.3755739210284665,1.0,1089,544.5,7,1,193
Bidslab40,3,False,sep 1.10<1.5; plateau 21330s>60s,360.0,1.1012218107673624,0.4480354569113558,21330.0,12.132034018561567,5.0,0.3853211009174312,1.0,763,381.5,3,1,194
Bidslab40,4,True,,7140.0,2.381614848388924,nan,30.0,12.044950583857018,5.0,0.7629268292682927,1.0,1025,512.5,7,2,90
Bidslab40,5,True,,2340.0,2.9535525611207003,0.2604996932443897,30.0,11.981625624068162,5.0,0.44566712517193946,1.0,727,363.5,3,1,227
Bidslab40,6,False,plateau 570s>60s,2280.0,2.546472202338765,-2.714699670474183,570.0,12.107824288769317,5.0,0.41389290882778584,1.0,691,345.5,4,2,159
Bidslab40,7,False,sep 1.43<1.5; plateau 330s>60s,13800.0,1.431207876005105,nan,330.0,12.047187742963006,5.0,0.9768722466960352,1.0,908,454.0,2,2,82
Bidslab41,1,False,plateau 690s>60s,-6150.0,2.682208030710216,0.1841644705643093,690.0,11.976596111089423,5.0,0.26865671641791045,1.0,938,469.0,10,1,71
Bidslab41,2,True,,5580.0,2.420581028545502,0.6919783935328949,0.0,11.992412892430446,5.0,0.7759336099585062,1.0,964,482.0,6,4,42
Bidslab41,3,True,,-8100.0,3.612015226229434,-1.4613141550814075,30.0,11.84939741169632,5.0,0.2346311475409836,0.9913419913419913,976,488.0,9,2,78
Bidslab41,4,True,,10080.0,4.168003733635473,nan,0.0,11.972902523114834,5.0,0.8737758433079434,1.0,919,459.5,2,1,57
Bidslab41,5,False,plateau 4110s>60s,1380.0,4.26098216583635,0.6221024996291575,4110.0,11.861782738562168,5.0,0.5411203814064363,0.9978021978021978,839,419.5,5,1,73
Bidslab41,6,True,,11730.0,2.274163333240044,0.8818892506355747,30.0,11.974744632565717,5.0,0.8775100401606426,1.0,996,498.0,8,7,74
Bidslab41,7,True,,5040.0,2.972555713004529,-0.9392486864389094,0.0,11.986740122372836,5.0,0.7422003284072249,1.0,1218,609.0,7,4,48
Bidslab42,1,False,plateau 18060s>60s,-1980.0,6.65964156202432,-2.7121421388255014,18060.0,10.662773934273634,5.0,0.2552147239263804,1.0,815,407.5,7,3,38
Bidslab42,2,True,,14340.0,6.523476258148365,-0.45644364396850134,60.0,11.05860803637275,5.0,0.9989594172736732,1.0,961,480.5,9,9,31
Bidslab42,3,True,,9900.0,5.532949000171781,nan,30.0,11.308317158837571,5.0,0.821301775147929,1.0,845,422.5,5,3,38
Bidslab42,4,True,,19650.0,3.3671752828354546,nan,30.0,7.247113737927093,5.0,0.7091988130563798,0.7177177177177178,674,337.0,8,4,40
Bidslab42,5,True,,-2070.0,8.341615569798325,-2.6558178936084174,30.0,11.389159342502555,5.0,0.3030690537084399,1.0,782,391.0,7,1,43
Bidslab43,1,True,,14340.0,2.7693812105644104,0.6448853741839682,60.0,10.446068321179016,5.0,0.9000861326442722,0.9079061685490878,1161,580.5,6,6,33
Bidslab43,2,False,plateau 19800s>60s,14340.0,3.3282952794787004,1.2058197996733775,19800.0,11.21259279381414,5.0,0.8426229508196721,1.0,1220,610.0,6,6,40
Bidslab43,3,True,,1770.0,11.170405177578003,nan,0.0,11.394096140135966,5.0,0.602954755309326,0.986404833836858,1083,541.5,7,3,34
Bidslab43,4,True,,13830.0,3.406985718508732,-0.18079766345808235,30.0,11.199844443880288,5.0,0.8787584869059166,0.9988974641675854,1031,515.5,5,5,41
Bidslab43,5,False,sep 1.35<1.5; plateau 210s>60s,12030.0,1.3527450447879101,0.09712324611982748,210.0,11.33026752663116,5.0,0.9039145907473309,0.9986893840104849,843,421.5,7,7,86
Bidslab44,1,True,,-1770.0,5.055972306002646,-0.6287847246709701,30.0,12.010070313300437,5.0,0.5009259259259259,1.0,1080,540.0,9,3,49
Bidslab44,2,False,plateau 120s>60s,3480.0,2.4850438749784547,nan,120.0,11.8162462158079,5.0,0.5314505776636713,1.0,779,389.5,4,1,52
Bidslab44,3,True,,-540.0,3.1334044426184664,0.9575871832532061,30.0,12.02882410881239,5.0,0.4101654846335697,1.0,846,423.0,4,1,75
Bidslab44,4,True,,-6570.0,2.579593261820556,0.4926920027046888,30.0,12.01024247944223,5.0,0.377560106856634,1.0,1123,561.5,7,2,108
Bidslab44,5,True,,-4770.0,2.6459690564222917,-0.4499216749297503,0.0,12.038011408235784,5.0,0.2755102040816326,1.0,882,441.0,8,1,43
Bidslab44,6,False,plateau 11460s>60s,-6360.0,2.0690196235462555,-0.5673763294833643,11460.0,12.017638219467303,5.0,0.4307944307944308,1.0,1221,610.5,12,1,55
Bidslab45,1,True,,14340.0,6.343028432546775,nan,0.0,11.97979215598865,5.0,0.9881376037959668,0.9988009592326139,843,421.5,3,3,39
Bidslab45,2,True,,2700.0,6.231656467786215,nan,30.0,12.018616562867761,5.0,0.5510907003444316,1.0,871,435.5,7,3,20
Bidslab45,3,True,,14340.0,7.778280390138918,nan,0.0,12.02313102240816,5.0,0.9192477876106194,1.0,904,452.0,6,6,27
Bidslab45,4,True,,8370.0,5.772224308361876,nan,60.0,12.012716229757462,5.0,0.7749445676274944,1.0,902,451.0,4,1,28
Bidslab45,5,False,plateau 840s>60s,14370.0,3.8565031616803505,nan,840.0,11.996864147442869,5.0,0.9139072847682119,1.0,755,377.5,3,3,46
Bidslab45,6,True,,14340.0,4.160723380708408,nan,30.0,12.008499943869147,5.0,0.8463444857496902,1.0,807,403.5,3,3,27
Bidslab47,1,True,,-4680.0,2.506659720814721,-1.5760499261057368,0.0,12.013830589507535,5.0,0.3147153598281418,1.0,931,465.5,6,0,58
Bidslab47,2,False,plateau 2220s>60s,9210.0,2.080721634711683,nan,2220.0,11.993190195329417,5.0,0.807897545357524,1.0,937,468.5,5,2,52
Bidslab47,3,True,,-3570.0,2.692581034399703,-1.0707242475325454,30.0,11.985091715461984,5.0,0.3656716417910448,1.0,938,469.0,8,1,92
Bidslab47,4,True,,-3810.0,3.1631567432218595,1.3853575046178817,0.0,11.979233992869503,5.0,0.39800995024875624,1.0,1005,502.5,10,5,102
Bidslab47,5,False,plateau 4410s>60s,12150.0,1.8802884957980819,nan,4410.0,11.984685974696502,5.0,0.816793893129771,1.0,1048,524.0,6,3,54
Bidslab49,1,True,,14370.0,1.916684282143327,nan,30.0,11.954808772060543,5.0,0.9988095238095238,1.0,840,420.0,3,3,71
Bidslab49,2,False,plateau 2730s>60s,-690.0,2.996004976374022,0.422681150331188,2730.0,10.458034606585773,5.0,0.34914361001317523,0.889261744966443,759,379.5,6,2,62
Bidslab49,3,False,plateau 10650s>60s,3720.0,1.8460401126774857,nan,10650.0,11.982712591801576,5.0,0.5376623376623376,1.0,770,385.0,4,0,58
Bidslab50,1,False,plateau 480s>60s,17580.0,2.02166386380071,nan,480.0,11.990551362562654,5.0,0.9886104783599089,1.0,878,439.0,5,5,88
Bidslab50,2,True,,6090.0,3.1447876140197444,nan,0.0,11.958554191396614,5.0,0.5420991926182238,1.0,867,433.5,5,3,195
Bidslab50,3,True,,7320.0,3.7749924730755167,nan,0.0,11.985712705672627,5.0,0.6422845691382766,1.0,998,499.0,6,3,61
Bidslab50,4,True,,6030.0,3.6116164918348126,0.9232132353714619,0.0,11.966881732340154,5.0,0.6183310533515732,1.0,731,365.5,8,7,85
Bidslab51,1,False,plateau 750s>60s,3570.0,3.504036373251467,-0.45297670553337044,750.0,11.999134261597288,5.0,0.6033402922755741,1.0,958,479.0,8,2,111
Bidslab51,2,True,,14340.0,1.6680870682214077,nan,30.0,12.013370315055829,5.0,0.9971671388101983,1.0,706,353.0,8,8,80
Bidslab51,3,True,,4170.0,2.7736817165993823,nan,0.0,11.975890212184776,5.0,0.5190409026798307,1.0,709,354.5,5,2,43
Bidslab51,4,True,,660.0,4.56713493049916,-0.02033977251208574,60.0,11.929813900493734,5.0,0.5435643564356436,1.0,1010,505.0,7,3,44
Bidslab52,1,False,sep 1.24<1.5; plateau 120s>60s,14100.0,1.2405019995416984,nan,120.0,12.015189657379358,5.0,0.9887514060742407,1.0,889,444.5,7,7,162
Bidslab52,2,False,plateau 540s>60s,-5640.0,3.0848806602539085,0.22683577230547547,540.0,12.028675638284492,5.0,0.1658354114713217,1.0,802,401.0,4,1,121
Bidslab52,3,True,,1920.0,3.958720005649292,0.28715047596390075,60.0,12.009829016074537,5.0,0.4429347826086957,1.0,736,368.0,5,1,61
Bidslab52,4,False,sep 1.24<1.5,4260.0,1.2446454363803405,0.916620551635112,60.0,12.024430376216639,5.0,0.6395721925133689,1.0,935,467.5,8,5,209
Bidslab52,5,True,,6060.0,2.455470247121952,nan,0.0,12.017308448996209,5.0,0.6317880794701987,1.0,755,377.5,4,1,84
Bidslab52,6,True,,14400.0,1.9642267889280083,nan,30.0,11.94775989441136,5.0,0.8691588785046729,0.9988066825775657,963,481.5,4,4,59
Bidslab53,1,True,,5070.0,2.33484517630221,nan,30.0,11.701074901893874,5.0,0.5514285714285714,0.9872122762148338,700,350.0,4,1,38
Bidslab53,2,True,,14370.0,2.8761225199708793,nan,30.0,11.76361894655296,5.0,0.9964994165694282,0.9964994165694282,857,428.5,2,2,68
Bidslab53,3,True,,-1410.0,3.2704072753978575,0.7485790555150815,0.0,11.829516364686505,5.0,0.4937439846005775,0.9941860465116279,1039,519.5,9,3,61
Bidslab53,4,True,,14340.0,2.1636464174376666,nan,30.0,11.738771325119432,5.0,0.9977220956719818,0.9977220956719818,878,439.0,4,4,61
Bidslab55,1,True,,14280.0,2.321200995617307,nan,60.0,11.767581612572263,5.0,0.9935316946959897,0.9974025974025974,773,386.5,3,3,98
Bidslab55,2,True,,9510.0,3.936160312861567,0.03662326938467264,0.0,11.941288029585605,5.0,0.8228511530398323,1.0,954,477.0,6,4,32
Bidslab55,3,True,,8130.0,2.459255499394713,nan,0.0,11.885999561692673,5.0,0.7497005988023953,0.9968152866242038,835,417.5,5,2,49
Bidslab55,4,True,,14340.0,2.296753358794839,nan,60.0,11.921451595040889,5.0,0.9944289693593314,0.9986013986013986,718,359.0,3,3,33
Bidslab56,1,False,plateau 90s>60s,8010.0,4.27743895883686,-1.402163482002408,90.0,12.025695314983535,5.0,0.7662624035281147,1.0,907,453.5,5,3,61
Bidslab56,2,False,plateau 270s>60s,14160.0,2.343028175723842,nan,270.0,12.071633545856313,5.0,0.9934980494148244,1.0,769,384.5,3,3,199
Bidslab56,3,True,,9780.0,3.3975348834749335,nan,0.0,12.026742510847589,5.0,0.8146811070998796,1.0,831,415.5,2,1,77
Bidslab56,4,False,plateau 90s>60s,14370.0,3.35594768985212,-4.000817351466904,90.0,11.903649485498171,5.0,0.997698504027618,0.9988479262672811,869,434.5,6,6,203
Bidslab56,5,True,,14370.0,4.381936338875388,nan,30.0,11.858611626623711,5.0,0.9985141158989599,1.0,673,336.5,4,4,95
Bidslab60,1,False,plateau 5160s>60s,14340.0,4.569049994934105,nan,5160.0,12.003460242018077,5.0,0.9988095238095238,1.0,840,420.0,3,3,53
Bidslab60,2,True,,11130.0,4.845175456629882,nan,0.0,12.017643562498046,5.0,0.8810572687224669,1.0,908,454.0,3,2,52
Bidslab60,3,True,,3030.0,5.756274015492206,nan,0.0,12.021748256760493,5.0,0.5178117048346056,1.0,786,393.0,5,1,46
Bidslab60,4,True,,14340.0,3.945393131146975,-0.8874988206589365,30.0,12.017141883697828,5.0,0.9989539748953975,1.0,956,478.0,6,6,58
Bidslab60,5,False,plateau 11280s>60s,14340.0,4.501579281716948,1.6518283340061084,11280.0,12.015141788236336,5.0,0.9986754966887417,1.0,755,377.5,4,4,39
Bidslab60,6,True,,4410.0,6.456119338569768,-1.7363820994826598,30.0,12.02212945887763,5.0,0.6211251435132032,1.0,871,435.5,6,3,67
Bidslab60,7,False,plateau 13050s>60s,-9720.0,4.417610941191324,2.6723204543939194,13050.0,12.021089630931458,5.0,0.2619485294117647,1.0,1088,544.0,6,1,59
Bidslab62,1,True,,14370.0,6.316994204268698,nan,30.0,11.999999999875063,5.0,0.9744897959183674,1.0,784,392.0,4,4,22
Bidslab62,2,True,,-1500.0,4.915306714243091,0.09940754138529861,30.0,11.977542108546476,5.0,0.41914191419141916,1.0,909,454.5,5,1,39
Bidslab62,3,False,plateau 120s>60s,14190.0,2.3400886044849596,nan,120.0,11.920662862520928,5.0,0.9935275080906149,1.0,927,463.5,2,2,39
Bidslab62,4,True,,10200.0,2.5249119190924416,nan,60.0,11.98092360868332,5.0,0.825065274151436,1.0,766,383.0,6,5,53
Bidslab62,5,True,,14370.0,2.6370701824872578,nan,0.0,11.973365423184918,5.0,0.9936305732484076,1.0,785,392.5,2,2,35
Bidslab63,1,True,,8490.0,4.437082758852457,nan,30.0,11.625591112667951,5.0,0.7280701754385965,0.996,684,342.0,4,3,73
Bidslab63,2,True,,9300.0,6.420269529222973,nan,0.0,11.997650401070253,5.0,0.7254901960784313,0.9977528089887641,612,306.0,5,3,36
Bidslab63,3,True,,14370.0,2.665116100440498,nan,30.0,11.89027803694719,5.0,0.8680555555555556,0.9984025559105432,720,360.0,3,3,49
Bidslab64,1,True,,14340.0,1.9450452098996107,nan,30.0,11.990332278679581,5.0,0.9988235294117647,1.0,850,425.0,6,6,67
Bidslab64,2,False,plateau 150s>60s,13920.0,2.3919181290384968,nan,150.0,11.962433573601007,5.0,0.9790849673202614,1.0,765,382.5,4,4,51
Bidslab64,3,True,,14340.0,2.915257638125723,nan,30.0,11.89920494648789,5.0,0.9904109589041096,0.9986187845303868,730,365.0,3,3,49
Bidslab64,4,True,,14400.0,2.772573523410156,nan,30.0,11.8520106376565,5.0,1.0,1.0,623,311.5,6,6,39
Bidslab64,5,True,,10500.0,3.1767955033573667,nan,0.0,11.898376551929752,5.0,0.8164116828929068,0.9982993197278912,719,359.5,4,1,49
Bidslab65,1,False,plateau 120s>60s,14370.0,1.8645688518031798,nan,120.0,11.951010807269606,5.0,0.9135618479880775,0.9967479674796748,671,335.5,5,5,36
Bidslab65,2,False,plateau 2160s>60s,5760.0,1.786343105087511,nan,2160.0,12.008839313599587,5.0,0.519672131147541,1.0,610,305.0,3,1,170
Bidslab65,3,True,,9300.0,2.942859411817448,nan,30.0,12.005481444192746,5.0,0.7249190938511327,1.0,618,309.0,4,3,52
Bidslab65,4,False,plateau 150s>60s,4860.0,1.810799500824594,nan,150.0,11.996977245374906,5.0,0.5827900912646675,1.0,767,383.5,4,2,50
Bidslab66,1,False,plateau 3780s>60s,9720.0,2.6423629250284937,nan,3780.0,11.970359480480171,5.0,0.8308189655172413,1.0,928,464.0,3,2,64
Bidslab66,2,True,,10320.0,2.9489882178622633,nan,0.0,11.984198632749646,5.0,0.8430232558139535,1.0,860,430.0,3,2,62
Bidslab66,3,True,,12720.0,1.912668396064765,nan,60.0,11.884072980857196,5.0,0.9318766066838047,1.0,778,389.0,8,8,84
Bidslab66,4,True,,7170.0,4.133492911772654,nan,30.0,11.931671371835973,5.0,0.6881578947368421,1.0,760,380.0,2,1,84
Bidslab66,5,True,,-660.0,4.126878203150696,0.02349614615482265,0.0,11.892167461960973,5.0,0.514975845410628,0.99812734082397,1035,517.5,3,1,51
Bidslab68,1,True,,-150.0,3.296902185384002,-0.06350444600575411,0.0,12.01647533082114,5.0,0.37094682230869,1.0,771,385.5,8,2,91
Bidslab68,2,True,,20940.0,2.0386554532516272,nan,60.0,12.017579672627564,5.0,0.8731155778894473,1.0,796,398.0,6,6,66
Bidslab68,3,True,,-5640.0,2.073747516988994,0.13253964411256547,30.0,12.031791318524556,5.0,0.17733990147783252,1.0,812,406.0,4,0,122
Bidslab68,4,False,plateau 180s>60s,6060.0,2.1920609512091316,nan,180.0,12.02088145803865,5.0,0.5959302325581395,1.0,688,344.0,4,3,135
