model,sustain_s,early_s,late_s,ff_budget,hit_mean,hit_min,hit_max,realized_ff_mean
logreg,0,180,0,0.1,0.0000,0.0000,0.0000,0.1442
logreg,0,180,0,0.2,0.0000,0.0000,0.0000,0.2284
logreg,0,180,0,0.3,0.0651,0.0000,0.1538,0.3362
logreg,0,180,30,0.1,0.0000,0.0000,0.0000,0.1442
logreg,0,180,30,0.2,0.0000,0.0000,0.0000,0.2284
logreg,0,180,30,0.3,0.0651,0.0000,0.1538,0.3362
logreg,0,180,60,0.1,0.0182,0.0000,0.0909,0.1442
logreg,0,180,60,0.2,0.0000,0.0000,0.0000,0.2284
logreg,0,180,60,0.3,0.0651,0.0000,0.1538,0.3362
logreg,0,180,120,0.1,0.0182,0.0000,0.0909,0.1442
logreg,0,180,120,0.2,0.0000,0.0000,0.0000,0.2284
logreg,0,180,120,0.3,0.1347,0.0000,0.3000,0.3362
logreg,0,300,0,0.1,0.0000,0.0000,0.0000,0.1442
logreg,0,300,0,0.2,0.0000,0.0000,0.0000,0.2284
logreg,0,300,0,0.3,0.0651,0.0000,0.1538,0.3362
logreg,0,300,30,0.1,0.0000,0.0000,0.0000,0.1442
logreg,0,300,30,0.2,0.0000,0.0000,0.0000,0.2284
logreg,0,300,30,0.3,0.0651,0.0000,0.1538,0.3362
logreg,0,300,60,0.1,0.0182,0.0000,0.0909,0.1442
logreg,0,300,60,0.2,0.0000,0.0000,0.0000,0.2284
logreg,0,300,60,0.3,0.0651,0.0000,0.1538,0.3362
logreg,0,300,120,0.1,0.0182,0.0000,0.0909,0.1442
logreg,0,300,120,0.2,0.0000,0.0000,0.0000,0.2284
logreg,0,300,120,0.3,0.1347,0.0000,0.3000,0.3362
logreg,0,420,0,0.1,0.0000,0.0000,0.0000,0.1442
logreg,0,420,0,0.2,0.0182,0.0000,0.0909,0.2245
logreg,0,420,0,0.3,0.0975,0.0000,0.1538,0.3038
logreg,0,420,30,0.1,0.0000,0.0000,0.0000,0.1442
logreg,0,420,30,0.2,0.0182,0.0000,0.0909,0.2245
logreg,0,420,30,0.3,0.0975,0.0000,0.1538,0.3038
logreg,0,420,60,0.1,0.0000,0.0000,0.0000,0.1442
logreg,0,420,60,0.2,0.0182,0.0000,0.0909,0.2245
logreg,0,420,60,0.3,0.0975,0.0000,0.1538,0.3038
logreg,0,420,120,0.1,0.0000,0.0000,0.0000,0.1442
logreg,0,420,120,0.2,0.0525,0.0000,0.1000,0.2245
logreg,0,420,120,0.3,0.1672,0.0714,0.3000,0.3038
logreg,30,180,0,0.1,0.0536,0.0000,0.1000,0.1242
logreg,30,180,0,0.2,0.0975,0.0714,0.1538,0.2437
logreg,30,180,0,0.3,0.0975,0.0000,0.1538,0.3184
logreg,30,180,30,0.1,0.0536,0.0000,0.1000,0.1242
logreg,30,180,30,0.2,0.1129,0.0714,0.2308,0.2437
logreg,30,180,30,0.3,0.0975,0.0000,0.1538,0.3184
logreg,30,180,60,0.1,0.0536,0.0000,0.1000,0.1242
logreg,30,180,60,0.2,0.1129,0.0714,0.2308,0.2437
logreg,30,180,60,0.3,0.0975,0.0000,0.1538,0.3184
logreg,30,180,120,0.1,0.0736,0.0000,0.2000,0.1242
logreg,30,180,120,0.2,0.1672,0.0714,0.3000,0.2437
logreg,30,180,120,0.3,0.1661,0.0714,0.3000,0.3184
logreg,30,300,0,0.1,0.0536,0.0000,0.1000,0.1242
logreg,30,300,0,0.2,0.1482,0.0714,0.2727,0.2073
logreg,30,300,0,0.3,0.1921,0.1000,0.2727,0.2810
logreg,30,300,30,0.1,0.0536,0.0000,0.1000,0.1242
logreg,30,300,30,0.2,0.1636,0.0714,0.2727,0.2073
logreg,30,300,30,0.3,0.1921,0.1000,0.2727,0.2810
logreg,30,300,60,0.1,0.0536,0.0000,0.1000,0.1242
logreg,30,300,60,0.2,0.1636,0.0714,0.2727,0.2073
logreg,30,300,60,0.3,0.2264,0.2000,0.2727,0.2810
logreg,30,300,120,0.1,0.0879,0.0000,0.2000,0.1242
logreg,30,300,120,0.2,0.2178,0.0714,0.3000,0.2073
logreg,30,300,120,0.3,0.2761,0.2143,0.3077,0.2810
logreg,30,420,0,0.1,0.1864,0.0714,0.3636,0.1367
logreg,30,420,0,0.2,0.1664,0.0714,0.3636,0.2034
logreg,30,420,0,0.3,0.1700,0.0909,0.2308,0.3338
logreg,30,420,30,0.1,0.2017,0.0714,0.3636,0.1367
logreg,30,420,30,0.2,0.1817,0.0714,0.3636,0.2034
logreg,30,420,30,0.3,0.1700,0.0909,0.2308,0.3338
logreg,30,420,60,0.1,0.2017,0.0714,0.3636,0.1367
logreg,30,420,60,0.2,0.1817,0.0714,0.3636,0.2034
logreg,30,420,60,0.3,0.2351,0.0909,0.3846,0.3338
logreg,30,420,120,0.1,0.2742,0.1429,0.4545,0.1367
logreg,30,420,120,0.2,0.2503,0.1429,0.3636,0.2034
logreg,30,420,120,0.3,0.2848,0.0909,0.4615,0.3338
logreg,60,180,0,0.1,0.0621,0.0000,0.0909,0.1567
logreg,60,180,0,0.2,0.0793,0.0000,0.1538,0.2381
logreg,60,180,0,0.3,0.0736,0.0000,0.1538,0.3049
logreg,60,180,30,0.1,0.0621,0.0000,0.0909,0.1567
logreg,60,180,30,0.2,0.0947,0.0000,0.2308,0.2381
logreg,60,180,30,0.3,0.1033,0.0000,0.2308,0.3049
logreg,60,180,60,0.1,0.0621,0.0000,0.0909,0.1567
logreg,60,180,60,0.2,0.0947,0.0000,0.2308,0.2381
logreg,60,180,60,0.3,0.1215,0.0000,0.2308,0.3049
logreg,60,180,120,0.1,0.0621,0.0000,0.0909,0.1567
logreg,60,180,120,0.2,0.1147,0.0000,0.2308,0.2381
logreg,60,180,120,0.3,0.1415,0.0714,0.2308,0.3049
logreg,60,300,0,0.1,0.1328,0.0714,0.2727,0.1060
logreg,60,300,0,0.2,0.1921,0.1000,0.2727,0.1682
logreg,60,300,0,0.3,0.1900,0.0909,0.2857,0.3345
logreg,60,300,30,0.1,0.1328,0.0714,0.2727,0.1060
logreg,60,300,30,0.2,0.2075,0.1000,0.3077,0.1682
logreg,60,300,30,0.3,0.1900,0.0909,0.2857,0.3345
logreg,60,300,60,0.1,0.1328,0.0714,0.2727,0.1060
logreg,60,300,60,0.2,0.2257,0.1000,0.3636,0.1682
logreg,60,300,60,0.3,0.2225,0.1818,0.2857,0.3345
logreg,60,300,120,0.1,0.1528,0.0714,0.2727,0.1060
logreg,60,300,120,0.2,0.2457,0.1429,0.3636,0.1682
logreg,60,300,120,0.3,0.2676,0.1818,0.3846,0.3345
logreg,60,420,0,0.1,0.2006,0.1429,0.3636,0.0964
logreg,60,420,0,0.2,0.1921,0.1000,0.2727,0.1825
logreg,60,420,0,0.3,0.2436,0.1429,0.3077,0.3299
logreg,60,420,30,0.1,0.2006,0.1429,0.3636,0.0964
logreg,60,420,30,0.2,0.2075,0.1000,0.3077,0.1825
logreg,60,420,30,0.3,0.2436,0.1429,0.3077,0.3299
logreg,60,420,60,0.1,0.2006,0.1429,0.3636,0.0964
logreg,60,420,60,0.2,0.2257,0.1000,0.3636,0.1825
logreg,60,420,60,0.3,0.2733,0.1818,0.3846,0.3299
logreg,60,420,120,0.1,0.2206,0.1429,0.3636,0.0964
logreg,60,420,120,0.2,0.2457,0.1429,0.3636,0.1825
logreg,60,420,120,0.3,0.3030,0.1818,0.4615,0.3299
rf,0,180,0,0.1,0.0497,0.0000,0.1000,0.1185
rf,0,180,0,0.2,0.0451,0.0000,0.1538,0.2599
rf,0,180,0,0.3,0.0582,0.0000,0.1429,0.3221
rf,0,180,30,0.1,0.0497,0.0000,0.1000,0.1185
rf,0,180,30,0.2,0.0747,0.0000,0.2308,0.2599
rf,0,180,30,0.3,0.0879,0.0000,0.2143,0.3221
rf,0,180,60,0.1,0.0497,0.0000,0.1000,0.1185
rf,0,180,60,0.2,0.0747,0.0000,0.2308,0.2599
rf,0,180,60,0.3,0.1033,0.0000,0.2308,0.3221
rf,0,180,120,0.1,0.0697,0.0000,0.2000,0.1185
rf,0,180,120,0.2,0.0890,0.0000,0.2308,0.2599
rf,0,180,120,0.3,0.1673,0.0000,0.3077,0.3221
rf,0,300,0,0.1,0.1168,0.0000,0.2308,0.1728
rf,0,300,0,0.2,0.1597,0.0714,0.2308,0.2789
rf,0,300,0,0.3,0.2286,0.0714,0.3846,0.3428
rf,0,300,30,0.1,0.1465,0.0714,0.3077,0.1728
rf,0,300,30,0.2,0.1893,0.1000,0.3077,0.2789
rf,0,300,30,0.3,0.2440,0.0714,0.4615,0.3428
rf,0,300,60,0.1,0.1465,0.0714,0.3077,0.1728
rf,0,300,60,0.2,0.2047,0.1000,0.3846,0.2789
rf,0,300,60,0.3,0.2776,0.0714,0.5385,0.3428
rf,0,300,120,0.1,0.1608,0.0714,0.3077,0.1728
rf,0,300,120,0.2,0.2841,0.1818,0.5385,0.2789
rf,0,300,120,0.3,0.3204,0.1429,0.5385,0.3428
rf,0,420,0,0.1,0.1893,0.0000,0.3000,0.1157
rf,0,420,0,0.2,0.2943,0.2143,0.3636,0.2618
rf,0,420,0,0.3,0.3297,0.1429,0.4000,0.2904
rf,0,420,30,0.1,0.2189,0.0714,0.3077,0.1157
rf,0,420,30,0.2,0.3097,0.2143,0.3846,0.2618
rf,0,420,30,0.3,0.3450,0.1429,0.4615,0.2904
rf,0,420,60,0.1,0.2189,0.0714,0.3077,0.1157
rf,0,420,60,0.2,0.3432,0.2143,0.4615,0.2618
rf,0,420,60,0.3,0.3786,0.1429,0.5385,0.2904
rf,0,420,120,0.1,0.2532,0.1429,0.4000,0.1157
rf,0,420,120,0.2,0.4015,0.2857,0.5385,0.2618
rf,0,420,120,0.3,0.4072,0.2143,0.5385,0.2904
rf,30,180,0,0.1,0.0832,0.0000,0.1538,0.1288
rf,30,180,0,0.2,0.0686,0.0000,0.2000,0.2428
rf,30,180,0,0.3,0.0993,0.0000,0.2000,0.2896
rf,30,180,30,0.1,0.0832,0.0000,0.1538,0.1288
rf,30,180,30,0.2,0.0686,0.0000,0.2000,0.2428
rf,30,180,30,0.3,0.0993,0.0000,0.2000,0.2896
rf,30,180,60,0.1,0.0832,0.0000,0.1538,0.1288
rf,30,180,60,0.2,0.0686,0.0000,0.2000,0.2428
rf,30,180,60,0.3,0.0993,0.0000,0.2000,0.2896
rf,30,180,120,0.1,0.0832,0.0000,0.1538,0.1288
rf,30,180,120,0.2,0.0840,0.0000,0.2000,0.2428
rf,30,180,120,0.3,0.1147,0.0000,0.2308,0.2896
rf,30,300,0,0.1,0.1717,0.0000,0.3000,0.1865
rf,30,300,0,0.2,0.1643,0.0714,0.2143,0.2714
rf,30,300,0,0.3,0.1604,0.0909,0.2143,0.3535
rf,30,300,30,0.1,0.1717,0.0000,0.3000,0.1865
rf,30,300,30,0.2,0.1643,0.0714,0.2143,0.2714
rf,30,300,30,0.3,0.1758,0.0909,0.2308,0.3535
rf,30,300,60,0.1,0.1717,0.0000,0.3000,0.1865
rf,30,300,60,0.2,0.1643,0.0714,0.2143,0.2714
rf,30,300,60,0.3,0.1939,0.1429,0.2308,0.3535
rf,30,300,120,0.1,0.2025,0.1429,0.3000,0.1865
rf,30,300,120,0.2,0.1950,0.0714,0.3077,0.2714
rf,30,300,120,0.3,0.2236,0.1429,0.3077,0.3535
rf,30,420,0,0.1,0.2060,0.0000,0.4000,0.1522
rf,30,420,0,0.2,0.2186,0.1429,0.4000,0.2314
rf,30,420,0,0.3,0.2511,0.0909,0.5000,0.2782
rf,30,420,30,0.1,0.2060,0.0000,0.4000,0.1522
rf,30,420,30,0.2,0.2186,0.1429,0.4000,0.2314
rf,30,420,30,0.3,0.2665,0.0909,0.5000,0.2782
rf,30,420,60,0.1,0.2060,0.0000,0.4000,0.1522
rf,30,420,60,0.2,0.2186,0.1429,0.4000,0.2314
rf,30,420,60,0.3,0.2847,0.1429,0.5000,0.2782
rf,30,420,120,0.1,0.2367,0.1429,0.4000,0.1522
rf,30,420,120,0.2,0.2493,0.1429,0.4000,0.2314
rf,30,420,120,0.3,0.3133,0.1818,0.5000,0.2782
rf,60,180,0,0.1,0.0632,0.0000,0.1538,0.1231
rf,60,180,0,0.2,0.0451,0.0000,0.1538,0.1910
rf,60,180,0,0.3,0.0936,0.0000,0.1538,0.2913
rf,60,180,30,0.1,0.0632,0.0000,0.1538,0.1231
rf,60,180,30,0.2,0.0451,0.0000,0.1538,0.1910
rf,60,180,30,0.3,0.0936,0.0000,0.1538,0.2913
rf,60,180,60,0.1,0.0632,0.0000,0.1538,0.1231
rf,60,180,60,0.2,0.0451,0.0000,0.1538,0.1910
rf,60,180,60,0.3,0.1118,0.0714,0.1538,0.2913
rf,60,180,120,0.1,0.0632,0.0000,0.1538,0.1231
rf,60,180,120,0.2,0.0451,0.0000,0.1538,0.1910
rf,60,180,120,0.3,0.1118,0.0714,0.1538,0.2913
rf,60,300,0,0.1,0.1157,0.0714,0.1818,0.1346
rf,60,300,0,0.2,0.1825,0.0714,0.2727,0.2321
rf,60,300,0,0.3,0.2132,0.1429,0.3077,0.2800
rf,60,300,30,0.1,0.1157,0.0714,0.1818,0.1346
rf,60,300,30,0.2,0.2025,0.0714,0.3000,0.2321
rf,60,300,30,0.3,0.2657,0.1429,0.3636,0.2800
rf,60,300,60,0.1,0.1157,0.0714,0.1818,0.1346
rf,60,300,60,0.2,0.2206,0.0714,0.3636,0.2321
rf,60,300,60,0.3,0.2811,0.1429,0.3846,0.2800
rf,60,300,120,0.1,0.1157,0.0714,0.1818,0.1346
rf,60,300,120,0.2,0.2349,0.1429,0.3636,0.2321
rf,60,300,120,0.3,0.2954,0.1429,0.3846,0.2800
rf,60,420,0,0.1,0.2367,0.0714,0.4000,0.1118
rf,60,420,0,0.2,0.2310,0.1429,0.3000,0.1978
rf,60,420,0,0.3,0.2800,0.2143,0.3636,0.2946
rf,60,420,30,0.1,0.2367,0.0714,0.4000,0.1118
rf,60,420,30,0.2,0.2653,0.1538,0.4000,0.1978
rf,60,420,30,0.3,0.3143,0.2143,0.4000,0.2946
rf,60,420,60,0.1,0.2367,0.0714,0.4000,0.1118
rf,60,420,60,0.2,0.2835,0.1538,0.4000,0.1978
rf,60,420,60,0.3,0.3324,0.2143,0.4545,0.2946
rf,60,420,120,0.1,0.2367,0.0714,0.4000,0.1118
rf,60,420,120,0.2,0.2978,0.1538,0.4000,0.1978
rf,60,420,120,0.3,0.3467,0.2143,0.4545,0.2946
