model,floor_min,ceil_min,budget,early_s,late_s,sustain_s,gated_ff_mean,gated_ff_min,gated_ff_max,gated_catch_mean,gated_catch_min,gated_catch_max,ungated_ff_mean,ungated_catch_mean,orig_ff_n,ff_removed_floor,ff_remain_window,ff_removed_ceil,early_deep_fail_n,early_deep_fail_frac,n_scorable
logreg,8,20,0.1,420,60,30,0.0688,0.0000,0.2727,0.1493,0.0000,0.2727,0.1367,0.2017,8,5,3,0,12,0.1935,62
logreg,8,25,0.1,420,60,30,0.0688,0.0000,0.2727,0.1493,0.0000,0.2727,0.1367,0.2017,8,5,3,0,12,0.1935,62
logreg,8,30,0.1,420,60,30,0.0688,0.0000,0.2727,0.1493,0.0000,0.2727,0.1367,0.2017,8,5,3,0,12,0.1935,62
logreg,10,20,0.1,420,60,30,0.0325,0.0000,0.0909,0.1339,0.0000,0.2727,0.1367,0.2017,8,6,2,0,25,0.4032,62
logreg,10,25,0.1,420,60,30,0.0325,0.0000,0.0909,0.1339,0.0000,0.2727,0.1367,0.2017,8,6,2,0,25,0.4032,62
logreg,10,30,0.1,420,60,30,0.0325,0.0000,0.0909,0.1339,0.0000,0.2727,0.1367,0.2017,8,6,2,0,25,0.4032,62
logreg,12,20,0.1,420,60,30,0.0143,0.0000,0.0714,0.1157,0.0000,0.1818,0.1367,0.2017,8,8,0,0,30,0.4839,62
logreg,12,25,0.1,420,60,30,0.0143,0.0000,0.0714,0.1157,0.0000,0.1818,0.1367,0.2017,8,8,0,0,30,0.4839,62
logreg,12,30,0.1,420,60,30,0.0143,0.0000,0.0714,0.1157,0.0000,0.1818,0.1367,0.2017,8,8,0,0,30,0.4839,62
logreg,15,20,0.1,420,60,30,0.0000,0.0000,0.0000,0.0679,0.0000,0.1000,0.1367,0.2017,8,8,0,0,45,0.7258,62
logreg,15,25,0.1,420,60,30,0.0000,0.0000,0.0000,0.1003,0.0714,0.1818,0.1367,0.2017,8,8,0,0,45,0.7258,62
logreg,15,30,0.1,420,60,30,0.0000,0.0000,0.0000,0.1003,0.0714,0.1818,0.1367,0.2017,8,8,0,0,45,0.7258,62
logreg,8,20,0.2,420,60,30,0.0888,0.0000,0.2727,0.1628,0.0000,0.3636,0.2034,0.1817,12,8,4,0,12,0.1935,62
logreg,8,25,0.2,420,60,30,0.1088,0.0000,0.2727,0.1628,0.0000,0.3636,0.2034,0.1817,12,8,4,0,12,0.1935,62
logreg,8,30,0.2,420,60,30,0.1088,0.0000,0.2727,0.1628,0.0000,0.3636,0.2034,0.1817,12,8,4,0,12,0.1935,62
logreg,10,20,0.2,420,60,30,0.0706,0.0000,0.1818,0.1475,0.0000,0.3636,0.2034,0.1817,12,9,3,0,25,0.4032,62
logreg,10,25,0.2,420,60,30,0.0906,0.0000,0.2000,0.1475,0.0000,0.3636,0.2034,0.1817,12,9,3,0,25,0.4032,62
logreg,10,30,0.2,420,60,30,0.0906,0.0000,0.2000,0.1475,0.0000,0.3636,0.2034,0.1817,12,9,3,0,25,0.4032,62
logreg,12,20,0.2,420,60,30,0.0525,0.0000,0.1000,0.1293,0.0000,0.2727,0.2034,0.1817,12,11,1,0,30,0.4839,62
logreg,12,25,0.2,420,60,30,0.0725,0.0000,0.2000,0.1293,0.0000,0.2727,0.2034,0.1817,12,11,1,0,30,0.4839,62
logreg,12,30,0.2,420,60,30,0.0725,0.0000,0.2000,0.1293,0.0000,0.2727,0.2034,0.1817,12,11,1,0,30,0.4839,62
logreg,15,20,0.2,420,60,30,0.0525,0.0000,0.1000,0.0814,0.0000,0.1818,0.2034,0.1817,12,11,1,0,45,0.7258,62
logreg,15,25,0.2,420,60,30,0.0725,0.0000,0.2000,0.0996,0.0000,0.2727,0.2034,0.1817,12,11,1,0,45,0.7258,62
logreg,15,30,0.2,420,60,30,0.0725,0.0000,0.2000,0.0996,0.0000,0.2727,0.2034,0.1817,12,11,1,0,45,0.7258,62
logreg,8,20,0.3,420,60,30,0.1185,0.0714,0.2727,0.2697,0.1000,0.3846,0.3338,0.2351,20,17,3,0,12,0.1935,62
logreg,8,25,0.3,420,60,30,0.1385,0.0714,0.2727,0.2697,0.1000,0.3846,0.3338,0.2351,20,17,3,0,12,0.1935,62
logreg,8,30,0.3,420,60,30,0.1385,0.0714,0.2727,0.2697,0.1000,0.3846,0.3338,0.2351,20,17,3,0,12,0.1935,62
logreg,10,20,0.3,420,60,30,0.1185,0.0714,0.2727,0.1875,0.0000,0.3077,0.3338,0.2351,20,19,1,0,25,0.4032,62
logreg,10,25,0.3,420,60,30,0.1385,0.0714,0.2727,0.1875,0.0000,0.3077,0.3338,0.2351,20,19,1,0,25,0.4032,62
logreg,10,30,0.3,420,60,30,0.1385,0.0714,0.2727,0.1875,0.0000,0.3077,0.3338,0.2351,20,19,1,0,25,0.4032,62
logreg,12,20,0.3,420,60,30,0.0849,0.0000,0.1818,0.1903,0.0000,0.3636,0.3338,0.2351,20,19,1,0,30,0.4839,62
logreg,12,25,0.3,420,60,30,0.1049,0.0000,0.2000,0.1903,0.0000,0.3636,0.3338,0.2351,20,19,1,0,30,0.4839,62
logreg,12,30,0.3,420,60,30,0.1049,0.0000,0.2000,0.1903,0.0000,0.3636,0.3338,0.2351,20,19,1,0,30,0.4839,62
logreg,15,20,0.3,420,60,30,0.0525,0.0000,0.1000,0.1464,0.0000,0.3636,0.3338,0.2351,20,20,0,0,45,0.7258,62
logreg,15,25,0.3,420,60,30,0.0725,0.0000,0.2000,0.1606,0.0000,0.3636,0.3338,0.2351,20,20,0,0,45,0.7258,62
logreg,15,30,0.3,420,60,30,0.0725,0.0000,0.2000,0.1606,0.0000,0.3636,0.3338,0.2351,20,20,0,0,45,0.7258,62
rf,8,20,0.1,420,60,30,0.0679,0.0000,0.1000,0.1289,0.0769,0.1818,0.1522,0.2060,8,5,3,0,12,0.1935,62
rf,8,25,0.1,420,60,30,0.0679,0.0000,0.1000,0.1289,0.0769,0.1818,0.1522,0.2060,8,5,3,0,12,0.1935,62
rf,8,30,0.1,420,60,30,0.0679,0.0000,0.1000,0.1289,0.0769,0.1818,0.1522,0.2060,8,5,3,0,12,0.1935,62
rf,10,20,0.1,420,60,30,0.0497,0.0000,0.1000,0.1289,0.0769,0.1818,0.1522,0.2060,8,6,2,0,25,0.4032,62
rf,10,25,0.1,420,60,30,0.0497,0.0000,0.1000,0.1471,0.0769,0.2727,0.1522,0.2060,8,6,2,0,25,0.4032,62
rf,10,30,0.1,420,60,30,0.0497,0.0000,0.1000,0.1471,0.0769,0.2727,0.1522,0.2060,8,6,2,0,25,0.4032,62
rf,12,20,0.1,420,60,30,0.0343,0.0000,0.1000,0.1443,0.1000,0.1818,0.1522,0.2060,8,8,0,0,30,0.4839,62
rf,12,25,0.1,420,60,30,0.0343,0.0000,0.1000,0.1625,0.1000,0.2727,0.1522,0.2060,8,8,0,0,30,0.4839,62
rf,12,30,0.1,420,60,30,0.0343,0.0000,0.1000,0.1625,0.1000,0.2727,0.1522,0.2060,8,8,0,0,30,0.4839,62
rf,15,20,0.1,420,60,30,0.0343,0.0000,0.1000,0.0497,0.0000,0.1000,0.1522,0.2060,8,8,0,0,45,0.7258,62
rf,15,25,0.1,420,60,30,0.0343,0.0000,0.1000,0.0679,0.0000,0.1000,0.1522,0.2060,8,8,0,0,45,0.7258,62
rf,15,30,0.1,420,60,30,0.0343,0.0000,0.1000,0.0679,0.0000,0.1000,0.1522,0.2060,8,8,0,0,45,0.7258,62
rf,8,20,0.2,420,60,30,0.1146,0.0714,0.1818,0.1586,0.1000,0.2143,0.2314,0.2186,12,8,4,0,12,0.1935,62
rf,8,25,0.2,420,60,30,0.1146,0.0714,0.1818,0.1586,0.1000,0.2143,0.2314,0.2186,12,8,4,0,12,0.1935,62
rf,8,30,0.2,420,60,30,0.1146,0.0714,0.1818,0.1586,0.1000,0.2143,0.2314,0.2186,12,8,4,0,12,0.1935,62
rf,10,20,0.2,420,60,30,0.0964,0.0714,0.1429,0.1625,0.0714,0.2727,0.2314,0.2186,12,9,3,0,25,0.4032,62
rf,10,25,0.2,420,60,30,0.0964,0.0714,0.1429,0.1625,0.0714,0.2727,0.2314,0.2186,12,9,3,0,25,0.4032,62
rf,10,30,0.2,420,60,30,0.0964,0.0714,0.1429,0.1625,0.0714,0.2727,0.2314,0.2186,12,9,3,0,25,0.4032,62
rf,12,20,0.2,420,60,30,0.0668,0.0000,0.1000,0.1921,0.1000,0.2727,0.2314,0.2186,12,11,1,0,30,0.4839,62
rf,12,25,0.2,420,60,30,0.0668,0.0000,0.1000,0.1921,0.1000,0.2727,0.2314,0.2186,12,11,1,0,30,0.4839,62
rf,12,30,0.2,420,60,30,0.0668,0.0000,0.1000,0.1921,0.1000,0.2727,0.2314,0.2186,12,11,1,0,30,0.4839,62
rf,15,20,0.2,420,60,30,0.0525,0.0000,0.1000,0.0975,0.0000,0.1538,0.2314,0.2186,12,11,1,0,45,0.7258,62
rf,15,25,0.2,420,60,30,0.0525,0.0000,0.1000,0.1157,0.0000,0.1818,0.2314,0.2186,12,11,1,0,45,0.7258,62
rf,15,30,0.2,420,60,30,0.0525,0.0000,0.1000,0.1157,0.0000,0.1818,0.2314,0.2186,12,11,1,0,45,0.7258,62
rf,8,20,0.3,420,60,30,0.1300,0.0714,0.1818,0.2907,0.2000,0.4615,0.2782,0.2847,20,17,3,0,12,0.1935,62
rf,8,25,0.3,420,60,30,0.1300,0.0714,0.1818,0.2907,0.2000,0.4615,0.2782,0.2847,20,17,3,0,12,0.1935,62
rf,8,30,0.3,420,60,30,0.1300,0.0714,0.1818,0.2907,0.2000,0.4615,0.2782,0.2847,20,17,3,0,12,0.1935,62
rf,10,20,0.3,420,60,30,0.1146,0.0714,0.1818,0.2075,0.1000,0.3077,0.2782,0.2847,20,19,1,0,25,0.4032,62
rf,10,25,0.3,420,60,30,0.1146,0.0714,0.1818,0.2075,0.1000,0.3077,0.2782,0.2847,20,19,1,0,25,0.4032,62
rf,10,30,0.3,420,60,30,0.1146,0.0714,0.1818,0.2075,0.1000,0.3077,0.2782,0.2847,20,19,1,0,25,0.4032,62
rf,12,20,0.3,420,60,30,0.0668,0.0000,0.1000,0.2257,0.1000,0.3636,0.2782,0.2847,20,19,1,0,30,0.4839,62
rf,12,25,0.3,420,60,30,0.0668,0.0000,0.1000,0.2257,0.1000,0.3636,0.2782,0.2847,20,19,1,0,30,0.4839,62
rf,12,30,0.3,420,60,30,0.0668,0.0000,0.1000,0.2257,0.1000,0.3636,0.2782,0.2847,20,19,1,0,30,0.4839,62
rf,15,20,0.3,420,60,30,0.0525,0.0000,0.1000,0.1482,0.0000,0.2727,0.2782,0.2847,20,20,0,0,45,0.7258,62
rf,15,25,0.3,420,60,30,0.0525,0.0000,0.1000,0.1625,0.0000,0.2857,0.2782,0.2847,20,20,0,0,45,0.7258,62
rf,15,30,0.3,420,60,30,0.0525,0.0000,0.1000,0.1625,0.0000,0.2857,0.2782,0.2847,20,20,0,0,45,0.7258,62
