record,cohort,fs,hours,n_beats,pct_removed_scored,pct_removed_all,excluded,epochs,epochs_trimmed,n3_onsets,hr_bins,median_hr,median_rr_ms
brux1,brux,512.0,3.98,13705,20.13,25.05,True,431,600,6,2580,58.0,1027.5817911833656
brux2,brux,256.0,8.7,36640,6.0,6.0,False,1037,0,12,6210,70.0,844.0023592738726
ins1,ins,128.0,13.33,65726,0.36,3.46,False,916,0,2,9567,77.0,728.9652604449657
ins2,ins,512.0,13.96,60517,3.06,3.06,False,1674,1,3,10040,70.0,843.3688277091278
ins3,ins,256.0,8.58,35274,1.96,1.7,False,866,1,5,6180,68.0,873.2660969449171
ins4,ins,512.0,10.61,48048,0.69,0.76,False,733,0,12,7638,76.0,785.5347055483435
ins5,ins,512.0,14.33,66783,2.54,2.54,False,1720,0,10,10308,77.0,768.9497772262257
ins6,ins,512.0,13.42,63383,8.76,9.9,False,1057,0,6,9562,80.0,747.3219480343687
ins7,ins,512.0,12.36,56429,4.68,4.68,False,1483,0,6,8639,77.0,774.9874661603826
ins8,ins,512.0,8.33,31373,3.91,6.13,False,840,0,7,5798,65.0,915.3940035648702
ins9,ins,512.0,9.31,30227,11.2,13.07,False,1050,0,6,6315,54.0,1104.284934190673
n10,n,512.0,8.17,37637,1.51,1.6,False,860,0,8,5875,77.0,780.3228479588142
n11,n,512.0,8.78,33866,3.17,3.17,False,1053,0,4,6305,63.0,943.0004022624416
n12,n,100.0,8.25,30693,1.32,1.32,False,990,0,6,5794,62.0,955.6500812723243
n13,n,100.0,8.17,31846,13.71,14.0,False,970,0,7,5830,65.0,901.5908858082184
n14,n,200.0,8.21,35886,0.67,0.86,False,968,0,9,5849,72.0,821.1976972306729
n15,n,200.0,8.24,30540,7.7,7.91,False,977,0,7,5820,62.0,957.8400001744285
n1,n,512.0,9.62,41612,0.39,0.43,False,1147,0,9,6922,72.0,826.6844352438056
n2,n,512.0,12.25,48732,5.67,7.86,False,1000,0,5,8764,63.0,931.1924848498165
n3,n,512.0,9.18,34090,4.67,5.21,False,1001,0,6,6569,61.0,979.6356243896298
n4,n,200.0,9.93,39848,5.92,9.96,False,1011,0,6,7084,64.0,921.9736864920378
n5,n,512.0,8.73,37212,2.91,3.1,False,1008,0,8,6274,73.0,835.1927711082681
n6,n,128.0,8.78,31288,21.96,22.36,True,1040,0,8,6078,55.0,1096.0464427989791
n7,n,128.0,8.21,33514,4.78,4.8,False,984,1,5,5832,69.0,865.3130726352174
n8,n,200.0,8.34,33618,0.61,0.61,False,1001,0,8,6005,67.0,900.038324714842
n9,n,128.0,8.87,27311,3.92,4.64,False,1028,0,4,6115,52.0,1153.1616528534414
narco1,narco,512.0,9.4,36642,3.36,4.39,False,1103,0,8,6647,65.0,913.3125478565489
narco2,narco,512.0,9.57,25612,37.34,37.34,True,1149,0,8,3892,68.0,871.8932291329509
narco3,narco,512.0,12.79,55971,20.6,20.58,True,1534,2,8,8570,78.0,764.3822375648597
narco4,narco,512.0,10.92,45066,2.47,3.66,False,1030,0,12,7834,66.0,899.4861342616787
narco5,narco,512.0,6.8,28204,8.25,8.25,False,815,0,6,4858,69.0,856.7941167293611
nfle10,nfle,128.0,8.18,28500,5.05,5.58,False,951,0,9,5840,57.0,1046.1702810971474
nfle11,nfle,128.0,8.5,21623,20.02,20.02,True,1020,0,11,5843,40.0,1506.821976214269
nfle12,nfle,512.0,8.89,18001,83.05,83.05,True,1067,0,5,2368,67.0,894.2687989183469
nfle13,nfle,512.0,9.0,29455,9.06,9.17,False,981,1,12,6405,54.0,1093.3960288257367
nfle14,nfle,512.0,8.43,29884,5.68,5.47,False,930,0,6,6010,57.0,1041.0820232245896
nfle15,nfle,512.0,8.84,35918,6.64,6.66,False,1036,0,13,6298,67.0,879.1513942633173
nfle16,nfle,512.0,8.53,38700,2.29,2.29,False,1023,0,19,6126,75.0,790.1798454531672
nfle17,nfle,512.0,7.42,26947,12.83,12.83,False,891,0,7,5263,57.0,1029.5677257054194
nfle18,nfle,512.0,9.49,34716,3.77,3.59,False,1069,0,13,6823,59.0,993.5297878464553
nfle19,nfle,128.0,7.57,27933,1.83,1.83,False,907,2,12,5440,61.0,982.9856895357807
nfle1,nfle,512.0,9.07,35111,10.69,12.54,False,959,5,7,6371,67.0,880.9801154607158
nfle20,nfle,128.0,8.0,30537,1.63,1.62,False,953,0,9,5714,64.0,937.5730283973098
nfle21,nfle,512.0,9.62,26789,26.31,26.31,True,1154,0,22,5964,56.0,1058.7617571409282
nfle22,nfle,512.0,9.28,30159,5.77,5.9,False,1093,0,13,6600,53.0,1108.1502563829417
nfle23,nfle,128.0,8.73,31526,6.36,8.33,False,961,1,14,6165,59.0,1013.6307547304568
nfle24,nfle,512.0,8.44,28047,17.38,15.05,False,869,0,12,5958,51.0,1164.0802678170985
nfle25,nfle,128.0,8.7,40263,4.36,4.36,False,1044,0,9,6217,78.0,758.8667133395575
nfle26,nfle,128.0,8.13,28272,2.84,2.84,False,975,0,14,5834,58.0,1029.3897208857743
nfle28,nfle,512.0,9.21,33499,3.8,3.8,False,1105,0,6,6579,60.0,986.8720918857434
nfle29,nfle,512.0,8.48,33972,4.07,4.29,False,890,1,8,6084,66.0,902.6979151458363
nfle2,nfle,512.0,8.73,34223,36.73,34.71,True,978,0,12,6026,57.0,1041.9872806778585
nfle30,nfle,512.0,9.53,41616,1.77,2.08,False,980,0,17,6860,72.0,825.0362586295523
nfle31,nfle,128.0,8.26,32434,1.29,2.89,False,895,0,5,5904,65.0,906.8571049347156
nfle32,nfle,512.0,9.07,7538,53.93,54.08,True,1085,0,6,1381,67.0,899.7054838557688
nfle33,nfle,512.0,8.62,36588,9.97,9.98,False,1034,0,17,6132,72.0,818.695315210789
nfle34,nfle,512.0,8.54,30968,3.14,3.11,False,1013,0,10,6132,59.0,1012.1942669793498
nfle35,nfle,512.0,8.38,34698,12.9,12.33,False,869,0,15,5971,64.0,927.1646352481184
nfle36,nfle,512.0,9.23,32629,9.75,10.71,False,1000,0,8,6532,59.0,1015.3060243283107
nfle37,nfle,512.0,8.39,32315,8.97,8.58,False,943,0,7,6025,64.0,909.8954434207371
nfle38,nfle,512.0,9.4,34116,3.78,3.92,False,892,0,17,6731,60.0,998.9930746633036
nfle39,nfle,512.0,8.38,39577,0.75,0.75,False,1005,0,8,6030,79.0,758.5566993811881
nfle3,nfle,512.0,9.29,37224,5.79,5.78,False,1114,0,8,6630,67.0,888.2092282219674
nfle40,nfle,512.0,9.15,34348,3.52,3.52,False,1097,0,9,6578,62.0,973.0061157133605
nfle4,nfle,512.0,9.63,33284,11.1,10.95,False,1116,4,8,6811,58.0,1032.13310940464
nfle5,nfle,512.0,9.21,39309,7.71,8.02,False,1056,0,27,6592,74.0,807.2039668777506
nfle6,nfle,128.0,7.46,23808,6.91,7.65,False,810,0,12,5313,52.0,1141.1440018091525
nfle7,nfle,512.0,9.49,42534,3.16,3.13,False,1118,1,12,6818,74.0,797.085669451917
nfle8,nfle,128.0,7.98,31173,8.32,8.32,False,957,0,8,5632,65.0,914.8363253551679
nfle9,nfle,512.0,12.65,53955,4.26,7.12,False,1119,0,8,8991,70.0,838.6334821698256
plm10,plm,512.0,8.37,34373,0.33,0.34,False,1003,0,4,6014,68.0,873.5685829333306
plm1,plm,128.0,10.97,49237,4.83,4.83,False,1316,3,7,7840,74.0,791.7147642374402
plm2,plm,512.0,7.53,28306,12.62,12.62,False,903,0,4,5348,61.0,966.0598399077571
plm3,plm,512.0,7.0,28479,18.01,18.01,False,840,0,5,4947,69.0,862.0556275764102
plm4,plm,512.0,11.61,56328,2.04,2.2,False,859,0,10,8352,78.0,747.1873341783066
plm5,plm,512.0,11.86,46171,8.25,8.92,False,825,0,14,8401,61.0,929.7642960054873
plm6,plm,512.0,10.53,51635,4.86,4.37,False,659,0,2,7559,84.0,706.9959208365617
plm7,plm,512.0,8.77,38420,1.39,1.56,False,990,0,5,6308,72.0,833.6244762408569
plm8,plm,512.0,7.66,31456,1.17,1.05,False,734,1,10,5510,66.0,902.145006288265
plm9,plm,512.0,8.73,34834,2.69,2.61,False,1006,0,10,6258,65.0,911.2834298321104
rbd10,rbd,512.0,7.15,29890,1.74,1.74,False,857,1,3,5144,69.0,864.9593388363428
rbd12,rbd,512.0,8.94,31557,1.03,1.02,False,1065,2,14,6336,59.0,1010.5946530602523
rbd13,rbd,512.0,8.69,45249,0.26,0.26,False,1043,0,7,6256,87.0,688.7424439300958
rbd14,rbd,512.0,9.3,30924,0.34,0.36,False,1113,1,14,6696,55.0,1073.8353187571192
rbd15,rbd,512.0,14.14,62371,0.46,0.49,False,1002,0,7,10182,70.0,831.7752942266452
rbd16,rbd,512.0,9.15,32951,20.34,20.32,True,1097,0,7,6473,80.0,754.5205008505036
rbd17,rbd,512.0,8.7,34588,3.22,3.21,False,1040,0,7,6258,66.0,910.4046634079168
rbd18,rbd,512.0,9.17,40100,0.12,0.1,False,918,0,8,6600,71.0,833.3143160898544
rbd19,rbd,512.0,9.57,31847,0.56,0.59,False,1009,0,4,6894,55.0,1089.7149370885018
rbd1,rbd,512.0,8.41,32660,0.45,0.81,False,700,0,4,6053,64.0,937.1406529608066
rbd20,rbd,512.0,8.44,25034,2.88,3.07,False,967,0,11,6065,48.0,1244.7718772946246
rbd21,rbd,512.0,8.43,15719,50.96,50.93,True,1011,0,17,3331,71.0,843.3060510469659
rbd22,rbd,512.0,9.82,38112,4.05,4.03,False,1090,2,8,7069,64.0,922.8559835773922
rbd2,rbd,512.0,9.95,40465,1.8,1.8,False,1194,0,19,7158,68.0,874.824467828148
rbd3,rbd,512.0,10.08,32950,6.15,6.15,False,1210,0,15,7080,55.0,1086.3481281612621
rbd4,rbd,512.0,14.32,56906,0.95,2.19,False,1352,0,15,10308,65.0,895.5756289033161
rbd5,rbd,512.0,9.67,32577,24.57,24.55,True,1159,0,5,6788,51.0,1166.7985765379854
rbd6,rbd,512.0,15.17,60127,4.17,4.19,False,715,0,7,10898,63.0,926.7021181003656
rbd7,rbd,512.0,8.78,30143,2.41,2.41,False,1047,0,10,6282,56.0,1063.7817097234574
rbd8,rbd,512.0,8.95,27171,2.45,2.54,False,1064,0,20,6433,50.0,1207.0724846462326
rbd9,rbd,512.0,9.85,39890,0.53,0.53,False,1182,2,8,7091,67.0,898.5339921327977
sdb1,sdb,128.0,7.85,34626,45.27,43.32,True,771,0,12,5563,76.0,774.198453295412
sdb2,sdb,128.0,8.55,36031,36.58,36.44,True,1015,1,4,5970,74.0,801.2119957929826
sdb3,sdb,512.0,8.55,32510,1.7,1.66,False,793,0,11,6155,63.0,932.0841429939719
sdb4,sdb,128.0,10.86,40114,46.21,46.22,True,1095,0,21,7616,63.0,933.6593998159515
