record,cohort,n_signals,edf_hours,ecg_labels,ecg_fs,ecg_unit,has_ecg,n_epochs,epoch_s,n_gaps,max_gap_s,scored_hours,n_S3,n_S4,n_REM,n_W,n_MT,n_unscored,n3_onsets,first_epoch_off_s,scored_end_off_s,fits_in_edf
brux1,brux,18,8.98,ECG1-ECG2,512,mV,True,1031,30,0,0.0,8.59,55,112,179,106,6,0,10,1400.0,32330.0,True
brux2,brux,18,8.7,ECG1-ECG2,256,uV,True,1029,30,7,60.0,8.57,123,166,207,127,0,0,11,180.0,31290.0,True
ins1,ins,18,13.33,ECG1-ECG2,128,uV,True,906,30,9,60.0,7.55,130,0,133,121,0,0,2,15870.0,43350.0,True
ins2,ins,14,13.96,ECG1-ECG2,512,mV,True,1675,30,0,0.0,13.96,145,0,233,837,0,0,3,1.0,50251.0,True
ins3,ins,15,8.58,ECG1-ECG2,256,uV,True,856,30,11,30.0,7.13,65,107,133,229,0,0,5,4900.0,30910.0,False
ins4,ins,8,10.61,ECG1-ECG2,512,mV,True,718,30,15,30.0,5.98,61,97,150,63,0,0,12,12390.0,34380.0,True
ins5,ins,12,14.33,ECG1-ECG2,512,mV,True,1720,30,0,0.0,14.33,96,98,173,918,0,0,10,0.0,51600.0,True
ins6,ins,14,13.42,ECG1-ECG2,512,mV,True,1057,30,0,0.0,8.81,64,122,88,494,0,0,6,13820.0,45530.0,True
ins7,ins,12,12.36,ECG1-ECG2,512,mV,True,1483,30,0,0.0,12.36,64,61,220,610,0,0,6,0.0,44490.0,True
ins8,ins,22,8.33,ECG1-ECG2,512,mV,True,833,30,7,30.0,6.94,184,0,77,231,0,0,6,1590.0,26790.0,True
ins9,ins,23,9.31,ECG1-ECG2,512,mV,True,1050,30,0,0.0,8.75,51,37,40,654,0,0,6,0.0,31500.0,True
n10,n,18,8.17,ECG1-ECG2,512,mV,True,852,30,8,30.0,7.1,45,263,215,66,0,0,7,3600.0,29400.0,True
n11,n,22,8.78,ECG1-ECG2,512,mV,True,1051,30,2,30.0,8.76,61,282,380,56,0,0,4,30.0,31620.0,True
n12,n,9,8.25,EKG,100,uV,True,984,30,6,30.0,8.2,73,155,297,31,0,0,5,0.0,29700.0,True
n13,n,11,-0.0,ECG,100,,True,952,30,17,60.0,7.93,40,99,181,194,0,0,7,270.0,29370.0,False
n14,n,11,-0.0,ECG,200,,True,965,30,3,30.0,8.04,146,131,165,157,0,0,9,360.0,29400.0,False
n15,n,11,8.24,EKG,200,,True,976,30,1,30.0,8.13,144,74,198,39,0,0,7,240.0,29550.0,True
n16,n,5,8.56,,,,False,1027,30,0,0.0,8.56,113,153,248,37,6,0,14,30.0,30840.0,False
n1,n,21,9.62,ECG1-ECG2,512,uV,True,1140,30,7,30.0,9.5,135,186,239,39,0,0,9,210.0,34620.0,True
n2,n,15,12.25,ECG1-ECG2,512,mV,True,999,30,1,30.0,8.32,83,114,151,143,0,0,5,11220.0,41220.0,True
n3,n,23,9.18,ECG1-ECG2,512,mV,True,999,30,2,30.0,8.32,112,167,188,136,0,0,6,3030.0,33060.0,True
n4,n,17,9.93,ekg,200,mV,True,979,30,26,60.0,8.16,63,76,198,223,0,0,6,1710.0,32040.0,True
n5,n,23,8.73,ECG1-ECG2,512,uV,True,1007,30,1,30.0,8.39,134,169,232,10,0,0,8,1200.0,31440.0,True
n6,n,8,8.78,ECG,128,uV,True,1030,30,10,30.0,8.58,94,112,264,58,0,0,8,330.0,31530.0,True
n7,n,8,8.21,ECG,128,uV,True,974,30,10,60.0,8.12,62,183,247,65,0,0,4,0.0,29550.0,False
n8,n,14,8.34,EKG,200,mV,True,992,30,9,30.0,8.27,84,140,197,126,0,0,8,0.0,30030.0,True
n9,n,8,8.87,ECG,128,uV,True,1020,30,8,30.0,8.5,55,121,226,118,0,0,4,60.0,30900.0,True
narco1,narco,15,9.4,ECG1-ECG2,512,uV,True,1095,30,8,30.0,9.12,137,117,399,65,0,0,6,30.0,33120.0,True
narco2,narco,13,9.57,ECG1-ECG2,512,mV,True,1149,30,0,0.0,9.57,92,96,167,180,0,0,8,0.0,34470.0,True
narco3,narco,10,12.79,ECG1-ECG2,512,mV,True,1519,30,17,30.0,12.66,57,113,222,685,0,0,7,30.0,46110.0,False
narco4,narco,18,10.92,ECG1-ECG2,512,mV,True,1016,30,14,30.0,8.47,121,214,239,67,0,0,12,120.0,31020.0,True
narco5,narco,14,6.8,ECG1-ECG2,512,mV,True,812,30,3,30.0,6.77,62,24,215,325,0,0,5,30.0,24480.0,True
nfle10,nfle,22,8.18,ECG1-ECG2,128,uV,True,939,30,12,30.0,7.83,70,160,185,129,0,0,9,900.0,29430.0,True
nfle11,nfle,22,8.5,ECG1-ECG2,128,uV,True,1020,30,0,0.0,8.5,215,151,279,27,0,0,11,0.0,30600.0,True
nfle12,nfle,22,8.89,ECG1-ECG2,512,mV,True,1067,30,0,0.0,8.89,96,145,281,97,0,0,5,0.0,32010.0,True
nfle13,nfle,23,9.0,ECG1-ECG2,512,mV,True,966,30,16,30.0,8.05,128,158,169,41,0,0,10,2970.0,32430.0,False
nfle14,nfle,23,8.43,ECG1-ECG2,512,mV,True,908,30,21,60.0,7.57,47,115,132,189,0,0,5,2430.0,30330.0,True
nfle15,nfle,22,8.84,ECG1-ECG2,512,uV,True,1033,30,3,30.0,8.61,137,137,227,97,0,0,12,750.0,31830.0,True
nfle16,nfle,22,8.53,ECG1-ECG2,512,mV,True,1016,30,7,30.0,8.47,131,217,152,109,0,0,14,0.0,30690.0,True
nfle17,nfle,22,7.42,ECG1-ECG2,512,mV,True,871,30,20,30.0,7.26,77,120,81,236,0,0,6,0.0,26730.0,True
nfle18,nfle,23,9.49,ECG1-ECG2,512,mV,True,1065,30,4,30.0,8.88,120,65,68,325,0,0,13,2100.0,34170.0,True
nfle19,nfle,22,7.57,ECG1-ECG2,128,uV,True,906,30,2,60.0,7.55,81,183,153,21,0,0,12,30.0,27300.0,False
nfle1,nfle,22,9.07,ECG1-ECG2,512,mV,True,955,30,8,60.0,7.96,76,203,217,23,0,0,7,3870.0,32790.0,False
nfle20,nfle,22,8.0,ECG1-ECG2,128,uV,True,950,30,3,30.0,7.92,87,87,150,54,0,0,9,30.0,28620.0,True
nfle21,nfle,22,9.62,ECG1-ECG2,512,mV,True,1129,30,25,30.0,9.41,141,116,254,78,0,0,15,30.0,34650.0,True
nfle22,nfle,23,9.28,ECG1-ECG2,512,mV,True,1090,30,3,30.0,9.08,215,219,203,163,0,0,13,600.0,33390.0,True
nfle23,nfle,22,8.73,ECG1-ECG2,128,uV,True,947,30,15,30.0,7.89,113,73,147,85,0,0,12,2610.0,31470.0,False
nfle24,nfle,23,8.44,ECG1-ECG2,512,mV,True,869,30,0,0.0,7.24,156,102,193,42,0,0,12,3930.0,30000.0,True
nfle25,nfle,34,8.7,ECG1|ECG2,128|128,mV|mV,True,1035,30,9,30.0,8.62,78,71,120,346,0,0,9,0.0,31320.0,True
nfle26,nfle,22,8.13,ECG1-ECG2,128,uV,True,974,30,1,30.0,8.12,116,139,207,148,0,0,14,30.0,29280.0,True
nfle27,nfle,22,8.67,ECG1-ECG2,512,uV,True,804,30,7,60.0,6.7,107,127,143,113,0,0,9,-2904.0,21456.0,False
nfle28,nfle,22,9.21,ECG1-ECG2,512,mV,True,1100,30,5,30.0,9.17,63,108,251,181,0,0,6,0.0,33150.0,True
nfle29,nfle,22,8.48,ECG1-ECG2,512,mV,True,885,30,6,30.0,7.38,110,88,90,244,0,0,8,3840.0,30570.0,False
nfle2,nfle,22,8.73,ECG1-ECG2,512,mV,True,975,30,3,30.0,8.12,94,149,87,199,0,0,12,2070.0,31410.0,True
nfle30,nfle,23,9.53,ECG1-ECG2,512,mV,True,980,30,0,0.0,8.17,129,138,188,137,0,0,17,4920.0,34320.0,True
nfle31,nfle,27,8.26,ECG1-ECG2,128,uV,True,890,30,5,30.0,7.42,67,158,173,47,0,0,5,2880.0,29730.0,True
nfle32,nfle,21,9.07,ECG1-ECG2,512,uV,True,1079,30,6,30.0,8.99,54,135,217,243,0,0,5,0.0,32550.0,True
nfle33,nfle,36,8.62,ECG1|ECG2,512|512,mV|mV,True,1026,30,8,30.0,8.55,211,179,198,125,0,0,15,30.0,31050.0,True
nfle34,nfle,22,8.54,ECG1-ECG2,512,mV,True,1002,30,11,30.0,8.35,80,180,233,71,0,0,10,360.0,30750.0,True
nfle35,nfle,22,8.38,ECG1-ECG2,512,uV,True,862,30,7,30.0,7.18,155,80,115,136,0,0,15,4080.0,30150.0,True
nfle36,nfle,22,9.23,ECG1-ECG2,512,uV,True,995,30,5,30.0,8.29,124,214,212,13,0,0,7,3240.0,33240.0,True
nfle37,nfle,23,8.39,ECG1-ECG2,512,uV,True,943,30,0,0.0,7.86,110,261,188,22,0,0,7,1920.0,30210.0,True
nfle38,nfle,22,9.4,ECG1-ECG2,512,uV,True,875,30,17,30.0,7.29,104,178,158,38,0,0,14,7080.0,33840.0,True
nfle39,nfle,22,8.38,ECG1-ECG2,512,mV,True,998,30,7,30.0,8.32,71,132,158,120,0,0,7,0.0,30150.0,True
nfle3,nfle,22,9.29,ECG1-ECG2,512,mV,True,1097,30,17,30.0,9.14,49,160,261,136,0,0,8,30.0,33450.0,True
nfle40,nfle,22,9.15,ECG1-ECG2,512,mV,True,1079,30,17,60.0,8.99,78,184,197,40,0,0,9,30.0,32940.0,True
nfle4,nfle,23,9.63,ECG1-ECG2,512,mV,True,1118,30,2,30.0,9.32,122,212,249,64,0,0,8,1200.0,34800.0,False
nfle5,nfle,22,9.21,ECG1-ECG2,512,mV,True,1052,30,4,30.0,8.77,165,84,163,137,0,0,26,1380.0,33060.0,True
nfle6,nfle,23,7.46,ECG1-ECG2,128,uV,True,810,30,0,0.0,6.75,140,96,190,24,0,0,12,2540.0,26840.0,True
nfle7,nfle,22,9.49,ECG1-ECG2,512,mV,True,1104,30,13,90.0,9.2,202,259,150,70,0,0,9,630.0,34200.0,False
nfle8,nfle,22,7.98,ECG1-ECG2,128,uV,True,947,30,10,30.0,7.89,181,243,231,39,0,0,7,30.0,28740.0,True
nfle9,nfle,18,12.65,ECG1-ECG2,512,mV,True,1102,30,17,30.0,9.18,44,137,264,53,0,0,8,2070.0,35640.0,True
plm10,plm,20,8.37,ECG1-ECG2,512,mV,True,1003,30,0,0.0,8.36,66,94,151,268,0,0,4,30.0,30120.0,True
plm1,plm,24,10.97,ECG1-ECG2,128,uV,True,1319,30,0,0.0,10.99,164,193,143,565,0,0,7,0.0,39570.0,False
plm2,plm,18,7.53,ECG1-ECG2,512,mV,True,902,30,1,30.0,7.52,110,170,145,199,0,0,4,0.0,27090.0,True
plm3,plm,20,7.0,ECG1-ECG2,512,uV,True,840,30,0,0.0,7.0,133,123,148,116,0,0,5,0.0,25200.0,True
plm4,plm,12,11.61,ECG1-ECG2,512,mV,True,855,30,4,30.0,7.12,161,172,78,209,0,0,10,11820.0,37590.0,True
plm5,plm,18,11.86,ECG1-ECG2,512,mV,True,822,30,3,30.0,6.85,83,23,121,72,0,0,14,11130.0,35880.0,True
plm6,plm,18,10.53,ECG1-ECG2,512,mV,True,659,30,0,0.0,5.49,34,0,25,296,0,0,2,18150.0,37920.0,True
plm7,plm,14,8.77,ECG1-ECG2,512,mV,True,990,30,0,0.0,8.25,86,119,223,119,0,0,5,1860.0,31560.0,True
plm8,plm,18,7.66,ECG1-ECG2,512,mV,True,726,30,9,30.0,6.05,140,79,177,32,0,0,10,5550.0,27600.0,False
plm9,plm,22,8.73,ECG1-ECG2,512,mV,True,1000,30,6,30.0,8.33,169,169,266,96,0,0,10,1260.0,31440.0,True
rbd10,rbd,22,7.15,ECG1-ECG2,512,mV,True,850,30,8,30.0,7.08,30,86,81,393,0,0,3,30.0,25770.0,False
rbd11,rbd,22,7.15,ECG1-ECG2,512,mV,True,849,30,9,30.0,7.08,30,86,81,396,0,0,3,30.0,25770.0,False
rbd12,rbd,23,8.94,ECG1-ECG2,512,mV,True,1057,30,9,60.0,8.81,132,134,160,101,0,0,14,240.0,32250.0,False
rbd13,rbd,23,8.69,ECG1-ECG2,512,mV,True,1043,30,0,0.0,8.69,90,6,200,275,0,0,7,0.0,31290.0,True
rbd14,rbd,16,9.3,ECG1-ECG2,512,mV,True,1110,30,4,30.0,9.25,127,138,296,107,0,0,14,-30.0,33390.0,False
rbd15,rbd,12,14.14,ECG1-ECG2,512,uV,True,996,30,5,60.0,8.3,67,136,164,317,0,0,7,16200.0,46260.0,True
rbd16,rbd,24,9.15,ECG1-ECG2,512,mV,True,1097,30,0,0.0,9.14,100,68,115,172,0,0,7,30.0,32940.0,True
rbd17,rbd,18,8.7,ECG1-ECG2,512,mV,True,1037,30,3,30.0,8.64,155,85,139,347,0,0,7,120.0,31320.0,True
rbd18,rbd,22,9.17,ECG1-ECG2,512,mV,True,916,30,2,30.0,7.63,61,156,92,266,0,0,8,2880.0,30420.0,True
rbd19,rbd,20,9.57,ECG1-ECG2,512,mV,True,1005,30,4,30.0,8.38,70,43,134,383,0,0,4,90.0,30360.0,True
rbd1,rbd,15,8.41,ECG1-ECG2,512,uV,True,692,30,8,30.0,5.77,38,112,126,72,0,0,4,9270.0,30270.0,True
rbd20,rbd,16,8.44,ECG1-ECG2,512,uV,True,967,30,0,0.0,8.06,234,172,185,190,0,0,11,1380.0,30390.0,True
rbd21,rbd,20,8.43,ECG1-ECG2,512,mV,True,983,30,28,30.0,8.19,132,68,128,253,0,0,14,30.0,30360.0,True
rbd22,rbd,20,9.82,ECG1-ECG2,512,mV,True,1087,30,5,30.0,9.06,72,111,300,185,0,0,8,2670.0,35430.0,False
rbd2,rbd,20,9.95,ECG1-ECG2,512,mV,True,1194,30,0,0.0,9.95,164,96,182,375,0,0,19,0.0,35820.0,True
rbd3,rbd,24,10.08,ECG1-ECG2,512,uV,True,1210,30,0,0.0,10.08,148,57,127,359,0,0,15,0.0,36300.0,True
rbd4,rbd,18,14.32,ECG1-ECG2,512,mV,True,1351,30,1,30.0,11.26,322,104,293,122,0,0,14,5940.0,46500.0,True
rbd5,rbd,22,9.67,ECG1-ECG2,512,uV,True,1158,30,1,30.0,9.65,150,160,164,235,0,0,5,30.0,34800.0,True
rbd6,rbd,16,15.17,ECG1-ECG2,512,uV,True,715,30,0,0.0,5.96,91,30,129,97,0,0,7,19200.0,40650.0,True
rbd7,rbd,23,8.78,ECG1-ECG2,512,mV,True,1047,30,0,0.0,8.72,235,14,66,322,0,0,10,210.0,31620.0,True
rbd8,rbd,22,8.95,ECG1-ECG2,512,mV,True,1063,30,1,30.0,8.86,201,478,144,84,0,0,20,270.0,32190.0,True
rbd9,rbd,20,9.85,ECG1-ECG2,512,mV,True,1184,30,0,0.0,9.87,224,155,206,239,0,0,8,0.0,35520.0,False
sdb1,sdb,17,7.85,ECG1-ECG2,128,uV,True,765,30,6,30.0,6.38,70,137,107,220,0,0,12,30.0,23160.0,True
sdb2,sdb,16,8.55,ECG1-ECG2,128,uV,True,1006,30,10,30.0,8.38,46,83,38,157,0,0,4,330.0,30810.0,False
sdb3,sdb,18,8.55,ECG1-ECG2,512,uV,True,793,30,0,0.0,6.61,233,55,16,212,0,0,11,6990.0,30780.0,True
sdb4,sdb,18,10.86,ECG1-ECG2,128,mV,True,1070,30,25,30.0,8.92,106,129,62,121,0,0,21,1110.0,33960.0,True
